[{"model": "cms.usersettings", "pk": 1, "fields": {"user": ["wq@wq.com"], "language": "en", "clipboard": 1}}, {"model": "cms.usersettings", "pk": 2, "fields": {"user": ["r9@r9.ninja"], "language": "en", "clipboard": 166}}, {"model": "cms.treenode", "pk": 1, "fields": {"path": "0001", "depth": 1, "numchild": 0, "parent": null, "site": ["tunnelhub.net"]}}, {"model": "cms.treenode", "pk": 2, "fields": {"path": "0002", "depth": 1, "numchild": 0, "parent": null, "site": ["tunnelhub.net"]}}, {"model": "cms.treenode", "pk": 3, "fields": {"path": "000A0001", "depth": 2, "numchild": 5, "parent": 28, "site": ["tunnelhub.net"]}}, {"model": "cms.treenode", "pk": 6, "fields": {"path": "000E", "depth": 1, "numchild": 0, "parent": null, "site": ["tunnelhub.net"]}}, {"model": "cms.treenode", "pk": 8, "fields": {"path": "000D", "depth": 1, "numchild": 0, "parent": null, "site": ["tunnelhub.net"]}}, {"model": "cms.treenode", "pk": 10, "fields": {"path": "000C", "depth": 1, "numchild": 3, "parent": null, "site": ["tunnelhub.net"]}}, {"model": "cms.treenode", "pk": 15, "fields": {"path": "000C0001", "depth": 2, "numchild": 0, "parent": 10, "site": ["tunnelhub.net"]}}, {"model": "cms.treenode", "pk": 16, "fields": {"path": "000C0002", "depth": 2, "numchild": 0, "parent": 10, "site": ["tunnelhub.net"]}}, {"model": "cms.treenode", "pk": 17, "fields": {"path": "000C0005", "depth": 2, "numchild": 0, "parent": 10, "site": ["tunnelhub.net"]}}, {"model": "cms.treenode", "pk": 18, "fields": {"path": "000A00010001", "depth": 3, "numchild": 0, "parent": 3, "site": ["tunnelhub.net"]}}, {"model": "cms.treenode", "pk": 19, "fields": {"path": "000A00010004", "depth": 3, "numchild": 0, "parent": 3, "site": ["tunnelhub.net"]}}, {"model": "cms.treenode", "pk": 20, "fields": {"path": "000A00010002", "depth": 3, "numchild": 0, "parent": 3, "site": ["tunnelhub.net"]}}, {"model": "cms.treenode", "pk": 21, "fields": {"path": "000A00010005", "depth": 3, "numchild": 0, "parent": 3, "site": ["tunnelhub.net"]}}, {"model": "cms.treenode", "pk": 22, "fields": {"path": "000A00010003", "depth": 3, "numchild": 0, "parent": 3, "site": ["tunnelhub.net"]}}, {"model": "cms.treenode", "pk": 28, "fields": {"path": "000A", "depth": 1, "numchild": 1, "parent": null, "site": ["tunnelhub.net"]}}, {"model": "cms.treenode", "pk": 30, "fields": {"path": "000F", "depth": 1, "numchild": 3, "parent": null, "site": ["tunnelhub.net"]}}, {"model": "cms.treenode", "pk": 31, "fields": {"path": "000F0001", "depth": 2, "numchild": 0, "parent": 30, "site": ["tunnelhub.net"]}}, {"model": "cms.treenode", "pk": 32, "fields": {"path": "000F0002", "depth": 2, "numchild": 0, "parent": 30, "site": ["tunnelhub.net"]}}, {"model": "cms.treenode", "pk": 33, "fields": {"path": "000F0003", "depth": 2, "numchild": 0, "parent": 30, "site": ["tunnelhub.net"]}}, {"model": "cms.treenode", "pk": 34, "fields": {"path": "000G", "depth": 1, "numchild": 0, "parent": null, "site": ["tunnelhub.net"]}}, {"model": "cms.page", "pk": 1, "fields": {"created_by": "wq", "changed_by": "r9@r9.ninja", "creation_date": "2022-10-18T14:32:33.086Z", "changed_date": "2022-12-31T00:37:26.843Z", "publication_date": "2022-10-18T14:32:33.097Z", "publication_end_date": null, "in_navigation": true, "soft_root": false, "reverse_id": null, "navigation_extenders": "AppMenu", "template": "home.html", "login_required": false, "limit_visibility_in_menu": null, "is_home": true, "application_urls": "", "application_namespace": null, "publisher_is_draft": true, "publisher_public": 2, "languages": "en", "xframe_options": 0, "is_page_type": false, "node": 1, "placeholders": [160, 2, 3, 4, 66, 68, 69, 163, 165, 10, 11, 55, 311, 63, 328]}}, {"model": "cms.page", "pk": 2, "fields": {"created_by": "wq", "changed_by": "r9@r9.ninja", "creation_date": "2022-10-18T14:32:33.098Z", "changed_date": "2023-01-03T23:55:16.758Z", "publication_date": "2022-10-18T14:32:33.097Z", "publication_end_date": null, "in_navigation": true, "soft_root": false, "reverse_id": null, "navigation_extenders": "AppMenu", "template": "home.html", "login_required": false, "limit_visibility_in_menu": null, "is_home": true, "application_urls": "", "application_namespace": null, "publisher_is_draft": false, "publisher_public": 1, "languages": "en", "xframe_options": 0, "is_page_type": false, "node": 1, "placeholders": [64, 161, 162, 67, 164, 5, 6, 7, 70, 71, 12, 13, 54, 312, 327]}}, {"model": "cms.page", "pk": 3, "fields": {"created_by": "wq", "changed_by": "r9@r9.ninja", "creation_date": "2022-10-19T14:39:48.297Z", "changed_date": "2023-01-03T22:08:35.745Z", "publication_date": "2022-10-19T14:42:18.229Z", "publication_end_date": null, "in_navigation": true, "soft_root": false, "reverse_id": null, "navigation_extenders": null, "template": "inner_no_header.html", "login_required": false, "limit_visibility_in_menu": null, "is_home": false, "application_urls": "", "application_namespace": null, "publisher_is_draft": true, "publisher_public": 7, "languages": "en", "xframe_options": 0, "is_page_type": false, "node": 2, "placeholders": [96, 97, 14, 15, 16, 17, 18, 58]}}, {"model": "cms.page", "pk": 4, "fields": {"created_by": "wq", "changed_by": "r9@r9.ninja", "creation_date": "2022-10-19T14:40:14.168Z", "changed_date": "2023-01-03T21:25:43.590Z", "publication_date": "2022-10-19T14:42:23.982Z", "publication_end_date": null, "in_navigation": true, "soft_root": false, "reverse_id": null, "navigation_extenders": null, "template": "INHERIT", "login_required": false, "limit_visibility_in_menu": null, "is_home": false, "application_urls": "", "application_namespace": null, "publisher_is_draft": true, "publisher_public": 8, "languages": "en", "xframe_options": 0, "is_page_type": false, "node": 3, "placeholders": [91, 19, 20, 21, 22, 23, 90, 59]}}, {"model": "cms.page", "pk": 7, "fields": {"created_by": "wq", "changed_by": "r9@r9.ninja", "creation_date": "2022-10-19T14:42:18.230Z", "changed_date": "2023-01-03T22:08:42.942Z", "publication_date": "2022-10-19T14:42:18.229Z", "publication_end_date": null, "in_navigation": true, "soft_root": false, "reverse_id": null, "navigation_extenders": null, "template": "inner_no_header.html", "login_required": false, "limit_visibility_in_menu": null, "is_home": false, "application_urls": "", "application_namespace": null, "publisher_is_draft": false, "publisher_public": 3, "languages": "en", "xframe_options": 0, "is_page_type": false, "node": 2, "placeholders": [34, 35, 36, 37, 38, 130, 131, 56]}}, {"model": "cms.page", "pk": 8, "fields": {"created_by": "wq", "changed_by": "r9@r9.ninja", "creation_date": "2022-10-19T14:42:23.982Z", "changed_date": "2023-01-03T21:25:49.291Z", "publication_date": "2022-10-19T14:42:23.982Z", "publication_end_date": null, "in_navigation": true, "soft_root": false, "reverse_id": null, "navigation_extenders": null, "template": "INHERIT", "login_required": false, "limit_visibility_in_menu": null, "is_home": false, "application_urls": "", "application_namespace": null, "publisher_is_draft": false, "publisher_public": 4, "languages": "en", "xframe_options": 0, "is_page_type": false, "node": 3, "placeholders": [39, 40, 41, 42, 43, 140, 141, 57]}}, {"model": "cms.page", "pk": 11, "fields": {"created_by": "wq@wq.com", "changed_by": "wq@wq.com", "creation_date": "2022-11-16T12:07:07.099Z", "changed_date": "2022-11-28T12:13:51.252Z", "publication_date": "2022-11-16T12:08:13.377Z", "publication_end_date": null, "in_navigation": false, "soft_root": false, "reverse_id": null, "navigation_extenders": null, "template": "form.html", "login_required": false, "limit_visibility_in_menu": null, "is_home": false, "application_urls": "AccountApphook", "application_namespace": "account", "publisher_is_draft": true, "publisher_public": 12, "languages": "en", "xframe_options": 0, "is_page_type": false, "node": 6, "placeholders": [72, 73, 74, 75, 76, 77, 78, 79, 80]}}, {"model": "cms.page", "pk": 12, "fields": {"created_by": "wq@wq.com", "changed_by": "wq@wq.com", "creation_date": "2022-11-16T12:08:13.377Z", "changed_date": "2022-12-06T07:48:12.887Z", "publication_date": "2022-11-16T12:08:13.377Z", "publication_end_date": null, "in_navigation": false, "soft_root": false, "reverse_id": null, "navigation_extenders": null, "template": "form.html", "login_required": false, "limit_visibility_in_menu": null, "is_home": false, "application_urls": "AccountApphook", "application_namespace": "account", "publisher_is_draft": false, "publisher_public": 11, "languages": "en", "xframe_options": 0, "is_page_type": false, "node": 6, "placeholders": [81, 82, 83, 84, 85, 86, 87, 88, 89]}}, {"model": "cms.page", "pk": 15, "fields": {"created_by": "wq@wq.com", "changed_by": "wq@wq.com", "creation_date": "2022-11-21T08:21:32.625Z", "changed_date": "2022-11-26T10:20:58.683Z", "publication_date": "2022-11-21T08:31:10.670Z", "publication_end_date": null, "in_navigation": false, "soft_root": false, "reverse_id": null, "navigation_extenders": null, "template": "form.html", "login_required": false, "limit_visibility_in_menu": null, "is_home": false, "application_urls": "PaywallApphook", "application_namespace": "paywall", "publisher_is_draft": true, "publisher_public": 16, "languages": "en", "xframe_options": 0, "is_page_type": false, "node": 8, "placeholders": [114, 115, 116, 117, 118, 119, 120, 121]}}, {"model": "cms.page", "pk": 16, "fields": {"created_by": "wq@wq.com", "changed_by": "wq@wq.com", "creation_date": "2022-11-21T08:31:10.670Z", "changed_date": "2022-11-26T10:21:02.732Z", "publication_date": "2022-11-21T08:31:10.670Z", "publication_end_date": null, "in_navigation": false, "soft_root": false, "reverse_id": null, "navigation_extenders": null, "template": "form.html", "login_required": false, "limit_visibility_in_menu": null, "is_home": false, "application_urls": "PaywallApphook", "application_namespace": "paywall", "publisher_is_draft": false, "publisher_public": 15, "languages": "en", "xframe_options": 0, "is_page_type": false, "node": 8, "placeholders": [128, 129, 122, 123, 124, 125, 126, 127]}}, {"model": "cms.page", "pk": 18, "fields": {"created_by": "wq@wq.com", "changed_by": "r9@r9.ninja", "creation_date": "2022-12-07T06:33:42.781Z", "changed_date": "2022-12-31T01:22:12.077Z", "publication_date": "2022-12-07T06:34:25.994Z", "publication_end_date": null, "in_navigation": false, "soft_root": false, "reverse_id": "app_index", "navigation_extenders": null, "template": "inner.html", "login_required": false, "limit_visibility_in_menu": null, "is_home": false, "application_urls": "", "application_namespace": null, "publisher_is_draft": true, "publisher_public": 19, "languages": "en", "xframe_options": 0, "is_page_type": false, "node": 10, "placeholders": [148, 149, 150, 151, 152, 153]}}, {"model": "cms.page", "pk": 19, "fields": {"created_by": "wq@wq.com", "changed_by": "r9@r9.ninja", "creation_date": "2022-12-07T06:34:25.994Z", "changed_date": "2022-12-31T01:24:49.752Z", "publication_date": "2022-12-07T06:34:25.994Z", "publication_end_date": null, "in_navigation": false, "soft_root": false, "reverse_id": "app_index", "navigation_extenders": null, "template": "inner.html", "login_required": false, "limit_visibility_in_menu": null, "is_home": false, "application_urls": "", "application_namespace": null, "publisher_is_draft": false, "publisher_public": 18, "languages": "en", "xframe_options": 0, "is_page_type": false, "node": 10, "placeholders": [154, 155, 156, 157, 158, 159]}}, {"model": "cms.page", "pk": 24, "fields": {"created_by": "r9@r9.ninja", "changed_by": "r9@r9.ninja", "creation_date": "2022-12-31T01:22:32.853Z", "changed_date": "2022-12-31T01:23:07.742Z", "publication_date": "2022-12-31T01:24:57.089Z", "publication_end_date": null, "in_navigation": true, "soft_root": false, "reverse_id": "connection", "navigation_extenders": null, "template": "INHERIT", "login_required": false, "limit_visibility_in_menu": null, "is_home": false, "application_urls": "ServiceApphook", "application_namespace": "connection", "publisher_is_draft": true, "publisher_public": 26, "languages": "en", "xframe_options": 0, "is_page_type": false, "node": 15, "placeholders": [179]}}, {"model": "cms.page", "pk": 25, "fields": {"created_by": "r9@r9.ninja", "changed_by": "r9@r9.ninja", "creation_date": "2022-12-31T01:23:29.199Z", "changed_date": "2022-12-31T01:24:33.647Z", "publication_date": "2022-12-31T01:25:03.070Z", "publication_end_date": null, "in_navigation": true, "soft_root": false, "reverse_id": "subscription", "navigation_extenders": null, "template": "INHERIT", "login_required": false, "limit_visibility_in_menu": null, "is_home": false, "application_urls": "SubscriptionApphook", "application_namespace": "subscription", "publisher_is_draft": true, "publisher_public": 27, "languages": "en", "xframe_options": 0, "is_page_type": false, "node": 16, "placeholders": [180]}}, {"model": "cms.page", "pk": 26, "fields": {"created_by": "r9@r9.ninja", "changed_by": "r9@r9.ninja", "creation_date": "2022-12-31T01:24:57.089Z", "changed_date": "2022-12-31T01:24:57.089Z", "publication_date": "2022-12-31T01:24:57.089Z", "publication_end_date": null, "in_navigation": true, "soft_root": false, "reverse_id": "connection", "navigation_extenders": null, "template": "INHERIT", "login_required": false, "limit_visibility_in_menu": null, "is_home": false, "application_urls": "ServiceApphook", "application_namespace": "connection", "publisher_is_draft": false, "publisher_public": 24, "languages": "en", "xframe_options": 0, "is_page_type": false, "node": 15, "placeholders": [181]}}, {"model": "cms.page", "pk": 27, "fields": {"created_by": "r9@r9.ninja", "changed_by": "r9@r9.ninja", "creation_date": "2022-12-31T01:25:03.071Z", "changed_date": "2022-12-31T01:25:03.071Z", "publication_date": "2022-12-31T01:25:03.070Z", "publication_end_date": null, "in_navigation": true, "soft_root": false, "reverse_id": "subscription", "navigation_extenders": null, "template": "INHERIT", "login_required": false, "limit_visibility_in_menu": null, "is_home": false, "application_urls": "SubscriptionApphook", "application_namespace": "subscription", "publisher_is_draft": false, "publisher_public": 25, "languages": "en", "xframe_options": 0, "is_page_type": false, "node": 16, "placeholders": [182]}}, {"model": "cms.page", "pk": 28, "fields": {"created_by": "r9@r9.ninja", "changed_by": "r9@r9.ninja", "creation_date": "2022-12-31T01:43:11.533Z", "changed_date": "2023-01-04T00:33:32.136Z", "publication_date": "2022-12-31T01:50:04.463Z", "publication_end_date": null, "in_navigation": true, "soft_root": false, "reverse_id": "helpdesk", "navigation_extenders": null, "template": "INHERIT", "login_required": false, "limit_visibility_in_menu": null, "is_home": false, "application_urls": "HelpdeskApphook", "application_namespace": "thhelpdesk", "publisher_is_draft": true, "publisher_public": 29, "languages": "en", "xframe_options": 0, "is_page_type": false, "node": 17, "placeholders": [183]}}, {"model": "cms.page", "pk": 29, "fields": {"created_by": "r9@r9.ninja", "changed_by": "r9@r9.ninja", "creation_date": "2022-12-31T01:50:04.463Z", "changed_date": "2023-01-04T00:33:43.052Z", "publication_date": "2022-12-31T01:50:04.463Z", "publication_end_date": null, "in_navigation": true, "soft_root": false, "reverse_id": "helpdesk", "navigation_extenders": null, "template": "INHERIT", "login_required": false, "limit_visibility_in_menu": null, "is_home": false, "application_urls": "HelpdeskApphook", "application_namespace": "thhelpdesk", "publisher_is_draft": false, "publisher_public": 28, "languages": "en", "xframe_options": 0, "is_page_type": false, "node": 17, "placeholders": [184]}}, {"model": "cms.page", "pk": 30, "fields": {"created_by": "wq@wq.com", "changed_by": "r9@r9.ninja", "creation_date": "2023-01-03T19:19:21.299Z", "changed_date": "2023-01-03T19:19:21.454Z", "publication_date": "2023-01-03T19:20:12.088Z", "publication_end_date": null, "in_navigation": true, "soft_root": false, "reverse_id": null, "navigation_extenders": null, "template": "INHERIT", "login_required": false, "limit_visibility_in_menu": null, "is_home": false, "application_urls": null, "application_namespace": null, "publisher_is_draft": true, "publisher_public": 32, "languages": "en", "xframe_options": 0, "is_page_type": false, "node": 18, "placeholders": [185]}}, {"model": "cms.page", "pk": 31, "fields": {"created_by": "wq@wq.com", "changed_by": "wq@wq.com", "creation_date": "2023-01-03T19:19:44.667Z", "changed_date": "2023-01-03T19:19:44.803Z", "publication_date": "2023-01-03T19:22:14.236Z", "publication_end_date": null, "in_navigation": true, "soft_root": false, "reverse_id": null, "navigation_extenders": null, "template": "INHERIT", "login_required": false, "limit_visibility_in_menu": null, "is_home": false, "application_urls": null, "application_namespace": null, "publisher_is_draft": true, "publisher_public": 38, "languages": "en", "xframe_options": 0, "is_page_type": false, "node": 19, "placeholders": [186]}}, {"model": "cms.page", "pk": 32, "fields": {"created_by": "wq@wq.com", "changed_by": "r9@r9.ninja", "creation_date": "2023-01-03T19:20:12.089Z", "changed_date": "2023-01-03T21:51:44.687Z", "publication_date": "2023-01-03T19:20:12.088Z", "publication_end_date": null, "in_navigation": true, "soft_root": false, "reverse_id": null, "navigation_extenders": null, "template": "INHERIT", "login_required": false, "limit_visibility_in_menu": null, "is_home": false, "application_urls": null, "application_namespace": null, "publisher_is_draft": false, "publisher_public": 30, "languages": "en", "xframe_options": 0, "is_page_type": false, "node": 18, "placeholders": [187]}}, {"model": "cms.page", "pk": 33, "fields": {"created_by": "wq@wq.com", "changed_by": "r9@r9.ninja", "creation_date": "2023-01-03T19:20:30.869Z", "changed_date": "2023-01-03T21:36:19.175Z", "publication_date": "2023-01-03T19:21:54.022Z", "publication_end_date": null, "in_navigation": true, "soft_root": false, "reverse_id": null, "navigation_extenders": null, "template": "INHERIT", "login_required": false, "limit_visibility_in_menu": null, "is_home": false, "application_urls": null, "application_namespace": null, "publisher_is_draft": true, "publisher_public": 36, "languages": "en", "xframe_options": 0, "is_page_type": false, "node": 20, "placeholders": [188]}}, {"model": "cms.page", "pk": 34, "fields": {"created_by": "wq@wq.com", "changed_by": "wq@wq.com", "creation_date": "2023-01-03T19:21:07.101Z", "changed_date": "2023-01-03T19:21:07.226Z", "publication_date": "2023-01-03T19:22:22.662Z", "publication_end_date": null, "in_navigation": true, "soft_root": false, "reverse_id": null, "navigation_extenders": null, "template": "INHERIT", "login_required": false, "limit_visibility_in_menu": null, "is_home": false, "application_urls": null, "application_namespace": null, "publisher_is_draft": true, "publisher_public": 39, "languages": "en", "xframe_options": 0, "is_page_type": false, "node": 21, "placeholders": [189]}}, {"model": "cms.page", "pk": 35, "fields": {"created_by": "wq@wq.com", "changed_by": "wq@wq.com", "creation_date": "2023-01-03T19:21:22.949Z", "changed_date": "2023-01-03T19:21:23.119Z", "publication_date": "2023-01-03T19:22:01.772Z", "publication_end_date": null, "in_navigation": true, "soft_root": false, "reverse_id": null, "navigation_extenders": null, "template": "INHERIT", "login_required": false, "limit_visibility_in_menu": null, "is_home": false, "application_urls": null, "application_namespace": null, "publisher_is_draft": true, "publisher_public": 37, "languages": "en", "xframe_options": 0, "is_page_type": false, "node": 22, "placeholders": [190]}}, {"model": "cms.page", "pk": 36, "fields": {"created_by": "wq@wq.com", "changed_by": "r9@r9.ninja", "creation_date": "2023-01-03T19:21:54.022Z", "changed_date": "2023-01-03T21:36:25.263Z", "publication_date": "2023-01-03T19:21:54.022Z", "publication_end_date": null, "in_navigation": true, "soft_root": false, "reverse_id": null, "navigation_extenders": null, "template": "INHERIT", "login_required": false, "limit_visibility_in_menu": null, "is_home": false, "application_urls": null, "application_namespace": null, "publisher_is_draft": false, "publisher_public": 33, "languages": "en", "xframe_options": 0, "is_page_type": false, "node": 20, "placeholders": [191]}}, {"model": "cms.page", "pk": 37, "fields": {"created_by": "wq@wq.com", "changed_by": "wq@wq.com", "creation_date": "2023-01-03T19:22:01.772Z", "changed_date": "2023-01-03T19:22:01.772Z", "publication_date": "2023-01-03T19:22:01.772Z", "publication_end_date": null, "in_navigation": true, "soft_root": false, "reverse_id": null, "navigation_extenders": null, "template": "INHERIT", "login_required": false, "limit_visibility_in_menu": null, "is_home": false, "application_urls": null, "application_namespace": null, "publisher_is_draft": false, "publisher_public": 35, "languages": "en", "xframe_options": 0, "is_page_type": false, "node": 22, "placeholders": [192]}}, {"model": "cms.page", "pk": 38, "fields": {"created_by": "wq@wq.com", "changed_by": "wq@wq.com", "creation_date": "2023-01-03T19:22:14.236Z", "changed_date": "2023-01-03T19:22:14.236Z", "publication_date": "2023-01-03T19:22:14.236Z", "publication_end_date": null, "in_navigation": true, "soft_root": false, "reverse_id": null, "navigation_extenders": null, "template": "INHERIT", "login_required": false, "limit_visibility_in_menu": null, "is_home": false, "application_urls": null, "application_namespace": null, "publisher_is_draft": false, "publisher_public": 31, "languages": "en", "xframe_options": 0, "is_page_type": false, "node": 19, "placeholders": [193]}}, {"model": "cms.page", "pk": 39, "fields": {"created_by": "wq@wq.com", "changed_by": "wq@wq.com", "creation_date": "2023-01-03T19:22:22.662Z", "changed_date": "2023-01-03T19:22:22.662Z", "publication_date": "2023-01-03T19:22:22.662Z", "publication_end_date": null, "in_navigation": true, "soft_root": false, "reverse_id": null, "navigation_extenders": null, "template": "INHERIT", "login_required": false, "limit_visibility_in_menu": null, "is_home": false, "application_urls": null, "application_namespace": null, "publisher_is_draft": false, "publisher_public": 34, "languages": "en", "xframe_options": 0, "is_page_type": false, "node": 21, "placeholders": [194]}}, {"model": "cms.page", "pk": 47, "fields": {"created_by": "r9@r9.ninja", "changed_by": "r9@r9.ninja", "creation_date": "2023-01-03T20:59:18.538Z", "changed_date": "2023-01-04T00:25:25.139Z", "publication_date": "2023-01-03T21:02:25.221Z", "publication_end_date": null, "in_navigation": true, "soft_root": false, "reverse_id": "doc", "navigation_extenders": null, "template": "inner_nav.html", "login_required": false, "limit_visibility_in_menu": null, "is_home": false, "application_urls": "", "application_namespace": null, "publisher_is_draft": true, "publisher_public": 48, "languages": "en", "xframe_options": 0, "is_page_type": false, "node": 28, "placeholders": [227, 228, 229, 230, 231, 232, 233]}}, {"model": "cms.page", "pk": 48, "fields": {"created_by": "r9@r9.ninja", "changed_by": "r9@r9.ninja", "creation_date": "2023-01-03T21:02:25.221Z", "changed_date": "2023-01-04T00:27:40.423Z", "publication_date": "2023-01-03T21:02:25.221Z", "publication_end_date": null, "in_navigation": true, "soft_root": false, "reverse_id": "doc", "navigation_extenders": null, "template": "inner_nav.html", "login_required": false, "limit_visibility_in_menu": null, "is_home": false, "application_urls": "", "application_namespace": null, "publisher_is_draft": false, "publisher_public": 47, "languages": "en", "xframe_options": 0, "is_page_type": false, "node": 28, "placeholders": [234, 235, 236, 237, 238, 239, 240]}}, {"model": "cms.page", "pk": 51, "fields": {"created_by": "r9@r9.ninja", "changed_by": "r9@r9.ninja", "creation_date": "2023-01-03T22:18:18.211Z", "changed_date": "2023-01-03T22:27:44.633Z", "publication_date": "2023-01-03T22:27:57.776Z", "publication_end_date": null, "in_navigation": false, "soft_root": false, "reverse_id": null, "navigation_extenders": null, "template": "print.html", "login_required": false, "limit_visibility_in_menu": null, "is_home": false, "application_urls": "", "application_namespace": null, "publisher_is_draft": true, "publisher_public": 55, "languages": "en", "xframe_options": 0, "is_page_type": false, "node": 30, "placeholders": [256, 257, 258, 259, 260, 261, 255]}}, {"model": "cms.page", "pk": 52, "fields": {"created_by": "r9@r9.ninja", "changed_by": "r9@r9.ninja", "creation_date": "2023-01-03T22:20:36.110Z", "changed_date": "2023-01-03T22:42:24.804Z", "publication_date": "2023-01-03T22:28:10.102Z", "publication_end_date": null, "in_navigation": false, "soft_root": false, "reverse_id": "legal_privacy", "navigation_extenders": null, "template": "INHERIT", "login_required": false, "limit_visibility_in_menu": null, "is_home": false, "application_urls": "", "application_namespace": null, "publisher_is_draft": true, "publisher_public": 56, "languages": "en", "xframe_options": 0, "is_page_type": false, "node": 31, "placeholders": [262, 263, 264, 265, 266, 267, 268]}}, {"model": "cms.page", "pk": 53, "fields": {"created_by": "r9@r9.ninja", "changed_by": "r9@r9.ninja", "creation_date": "2023-01-03T22:21:00.450Z", "changed_date": "2023-01-03T22:37:04.122Z", "publication_date": "2023-01-03T22:34:08.892Z", "publication_end_date": null, "in_navigation": false, "soft_root": false, "reverse_id": "legal_tos", "navigation_extenders": null, "template": "INHERIT", "login_required": false, "limit_visibility_in_menu": null, "is_home": false, "application_urls": "", "application_namespace": null, "publisher_is_draft": true, "publisher_public": 57, "languages": "en", "xframe_options": 0, "is_page_type": false, "node": 32, "placeholders": [269, 270, 271, 272, 273, 274, 275]}}, {"model": "cms.page", "pk": 54, "fields": {"created_by": "r9@r9.ninja", "changed_by": "r9@r9.ninja", "creation_date": "2023-01-03T22:21:20.523Z", "changed_date": "2023-01-03T22:36:09.605Z", "publication_date": "2023-01-03T22:34:15.362Z", "publication_end_date": null, "in_navigation": false, "soft_root": false, "reverse_id": "legal_cookie", "navigation_extenders": null, "template": "INHERIT", "login_required": false, "limit_visibility_in_menu": null, "is_home": false, "application_urls": "", "application_namespace": null, "publisher_is_draft": true, "publisher_public": 58, "languages": "en", "xframe_options": 0, "is_page_type": false, "node": 33, "placeholders": [276, 277, 278, 279, 280, 281, 282]}}, {"model": "cms.page", "pk": 55, "fields": {"created_by": "r9@r9.ninja", "changed_by": "r9@r9.ninja", "creation_date": "2023-01-03T22:27:57.777Z", "changed_date": "2023-01-03T22:27:57.777Z", "publication_date": "2023-01-03T22:27:57.776Z", "publication_end_date": null, "in_navigation": false, "soft_root": false, "reverse_id": null, "navigation_extenders": null, "template": "print.html", "login_required": false, "limit_visibility_in_menu": null, "is_home": false, "application_urls": "", "application_namespace": null, "publisher_is_draft": false, "publisher_public": 51, "languages": "en", "xframe_options": 0, "is_page_type": false, "node": 30, "placeholders": [288, 289, 283, 284, 285, 286, 287]}}, {"model": "cms.page", "pk": 56, "fields": {"created_by": "r9@r9.ninja", "changed_by": "r9@r9.ninja", "creation_date": "2023-01-03T22:28:10.102Z", "changed_date": "2023-01-03T22:45:09.905Z", "publication_date": "2023-01-03T22:28:10.102Z", "publication_end_date": null, "in_navigation": false, "soft_root": false, "reverse_id": "legal_privacy", "navigation_extenders": null, "template": "INHERIT", "login_required": false, "limit_visibility_in_menu": null, "is_home": false, "application_urls": "", "application_namespace": null, "publisher_is_draft": false, "publisher_public": 52, "languages": "en", "xframe_options": 0, "is_page_type": false, "node": 31, "placeholders": [290, 291, 292, 293, 294, 295, 296]}}, {"model": "cms.page", "pk": 57, "fields": {"created_by": "r9@r9.ninja", "changed_by": "r9@r9.ninja", "creation_date": "2023-01-03T22:34:08.892Z", "changed_date": "2023-01-03T22:37:09.146Z", "publication_date": "2023-01-03T22:34:08.892Z", "publication_end_date": null, "in_navigation": false, "soft_root": false, "reverse_id": "legal_tos", "navigation_extenders": null, "template": "INHERIT", "login_required": false, "limit_visibility_in_menu": null, "is_home": false, "application_urls": "", "application_namespace": null, "publisher_is_draft": false, "publisher_public": 53, "languages": "en", "xframe_options": 0, "is_page_type": false, "node": 32, "placeholders": [297, 298, 299, 300, 301, 302, 303]}}, {"model": "cms.page", "pk": 58, "fields": {"created_by": "r9@r9.ninja", "changed_by": "r9@r9.ninja", "creation_date": "2023-01-03T22:34:15.362Z", "changed_date": "2023-01-03T22:36:20.597Z", "publication_date": "2023-01-03T22:34:15.362Z", "publication_end_date": null, "in_navigation": false, "soft_root": false, "reverse_id": "legal_cookie", "navigation_extenders": null, "template": "INHERIT", "login_required": false, "limit_visibility_in_menu": null, "is_home": false, "application_urls": "", "application_namespace": null, "publisher_is_draft": false, "publisher_public": 54, "languages": "en", "xframe_options": 0, "is_page_type": false, "node": 33, "placeholders": [304, 305, 306, 307, 308, 309, 310]}}, {"model": "cms.page", "pk": 59, "fields": {"created_by": "r9@r9.ninja", "changed_by": "r9@r9.ninja", "creation_date": "2023-01-04T00:17:39.137Z", "changed_date": "2023-01-04T00:21:34.834Z", "publication_date": "2023-01-04T00:19:39.239Z", "publication_end_date": null, "in_navigation": false, "soft_root": false, "reverse_id": "guest_support", "navigation_extenders": null, "template": "inner.html", "login_required": false, "limit_visibility_in_menu": null, "is_home": false, "application_urls": "", "application_namespace": null, "publisher_is_draft": true, "publisher_public": 60, "languages": "en", "xframe_options": 0, "is_page_type": false, "node": 34, "placeholders": [326, 313, 314, 315, 316, 317, 318]}}, {"model": "cms.page", "pk": 60, "fields": {"created_by": "r9@r9.ninja", "changed_by": "r9@r9.ninja", "creation_date": "2023-01-04T00:19:39.239Z", "changed_date": "2023-01-04T00:23:31.795Z", "publication_date": "2023-01-04T00:19:39.239Z", "publication_end_date": null, "in_navigation": false, "soft_root": false, "reverse_id": "guest_support", "navigation_extenders": null, "template": "inner.html", "login_required": false, "limit_visibility_in_menu": null, "is_home": false, "application_urls": "", "application_namespace": null, "publisher_is_draft": false, "publisher_public": 59, "languages": "en", "xframe_options": 0, "is_page_type": false, "node": 34, "placeholders": [320, 321, 322, 323, 324, 325, 319]}}, {"model": "cms.placeholder", "pk": 1, "fields": {"slot": "clipboard", "default_width": null}}, {"model": "cms.placeholder", "pk": 2, "fields": {"slot": "feature", "default_width": null}}, {"model": "cms.placeholder", "pk": 3, "fields": {"slot": "content", "default_width": null}}, {"model": "cms.placeholder", "pk": 4, "fields": {"slot": "splashbox", "default_width": null}}, {"model": "cms.placeholder", "pk": 5, "fields": {"slot": "feature", "default_width": null}}, {"model": "cms.placeholder", "pk": 6, "fields": {"slot": "content", "default_width": null}}, {"model": "cms.placeholder", "pk": 7, "fields": {"slot": "splashbox", "default_width": null}}, {"model": "cms.placeholder", "pk": 8, "fields": {"slot": "qqqqq", "default_width": null}}, {"model": "cms.placeholder", "pk": 9, "fields": {"slot": "qqqqq", "default_width": null}}, {"model": "cms.placeholder", "pk": 10, "fields": {"slot": "head-title-h1", "default_width": null}}, {"model": "cms.placeholder", "pk": 11, "fields": {"slot": "head-title-h4", "default_width": null}}, {"model": "cms.placeholder", "pk": 12, "fields": {"slot": "head-title-h1", "default_width": null}}, {"model": "cms.placeholder", "pk": 13, "fields": {"slot": "head-title-h4", "default_width": null}}, {"model": "cms.placeholder", "pk": 14, "fields": {"slot": "head-title-h1", "default_width": null}}, {"model": "cms.placeholder", "pk": 15, "fields": {"slot": "head-title-h4", "default_width": null}}, {"model": "cms.placeholder", "pk": 16, "fields": {"slot": "feature", "default_width": null}}, {"model": "cms.placeholder", "pk": 17, "fields": {"slot": "content", "default_width": null}}, {"model": "cms.placeholder", "pk": 18, "fields": {"slot": "splashbox", "default_width": null}}, {"model": "cms.placeholder", "pk": 19, "fields": {"slot": "head-title-h1", "default_width": null}}, {"model": "cms.placeholder", "pk": 20, "fields": {"slot": "head-title-h4", "default_width": null}}, {"model": "cms.placeholder", "pk": 21, "fields": {"slot": "feature", "default_width": null}}, {"model": "cms.placeholder", "pk": 22, "fields": {"slot": "content", "default_width": null}}, {"model": "cms.placeholder", "pk": 23, "fields": {"slot": "splashbox", "default_width": null}}, {"model": "cms.placeholder", "pk": 34, "fields": {"slot": "head-title-h1", "default_width": null}}, {"model": "cms.placeholder", "pk": 35, "fields": {"slot": "head-title-h4", "default_width": null}}, {"model": "cms.placeholder", "pk": 36, "fields": {"slot": "feature", "default_width": null}}, {"model": "cms.placeholder", "pk": 37, "fields": {"slot": "content", "default_width": null}}, {"model": "cms.placeholder", "pk": 38, "fields": {"slot": "splashbox", "default_width": null}}, {"model": "cms.placeholder", "pk": 39, "fields": {"slot": "head-title-h1", "default_width": null}}, {"model": "cms.placeholder", "pk": 40, "fields": {"slot": "head-title-h4", "default_width": null}}, {"model": "cms.placeholder", "pk": 41, "fields": {"slot": "feature", "default_width": null}}, {"model": "cms.placeholder", "pk": 42, "fields": {"slot": "content", "default_width": null}}, {"model": "cms.placeholder", "pk": 43, "fields": {"slot": "splashbox", "default_width": null}}, {"model": "cms.placeholder", "pk": 54, "fields": {"slot": "header-content-list", "default_width": null}}, {"model": "cms.placeholder", "pk": 55, "fields": {"slot": "header-content-list", "default_width": null}}, {"model": "cms.placeholder", "pk": 56, "fields": {"slot": "header-content-list", "default_width": null}}, {"model": "cms.placeholder", "pk": 57, "fields": {"slot": "header-content-list", "default_width": null}}, {"model": "cms.placeholder", "pk": 58, "fields": {"slot": "header-content-list", "default_width": null}}, {"model": "cms.placeholder", "pk": 59, "fields": {"slot": "header-content-list", "default_width": null}}, {"model": "cms.placeholder", "pk": 60, "fields": {"slot": "qqqqq", "default_width": null}}, {"model": "cms.placeholder", "pk": 61, "fields": {"slot": "qqqqq", "default_width": null}}, {"model": "cms.placeholder", "pk": 63, "fields": {"slot": "best-deal", "default_width": null}}, {"model": "cms.placeholder", "pk": 64, "fields": {"slot": "best-deal", "default_width": null}}, {"model": "cms.placeholder", "pk": 66, "fields": {"slot": "subscription-list", "default_width": null}}, {"model": "cms.placeholder", "pk": 67, "fields": {"slot": "subscription-list", "default_width": null}}, {"model": "cms.placeholder", "pk": 68, "fields": {"slot": "otplog", "default_width": null}}, {"model": "cms.placeholder", "pk": 69, "fields": {"slot": "otpreq", "default_width": null}}, {"model": "cms.placeholder", "pk": 70, "fields": {"slot": "otplog", "default_width": null}}, {"model": "cms.placeholder", "pk": 71, "fields": {"slot": "otpreq", "default_width": null}}, {"model": "cms.placeholder", "pk": 72, "fields": {"slot": "head-title-h1", "default_width": null}}, {"model": "cms.placeholder", "pk": 73, "fields": {"slot": "head-title-h4", "default_width": null}}, {"model": "cms.placeholder", "pk": 74, "fields": {"slot": "best-deal", "default_width": null}}, {"model": "cms.placeholder", "pk": 75, "fields": {"slot": "header-content-list", "default_width": null}}, {"model": "cms.placeholder", "pk": 76, "fields": {"slot": "subscription-list", "default_width": null}}, {"model": "cms.placeholder", "pk": 77, "fields": {"slot": "feature", "default_width": null}}, {"model": "cms.placeholder", "pk": 78, "fields": {"slot": "content", "default_width": null}}, {"model": "cms.placeholder", "pk": 79, "fields": {"slot": "splashbox", "default_width": null}}, {"model": "cms.placeholder", "pk": 80, "fields": {"slot": "form", "default_width": null}}, {"model": "cms.placeholder", "pk": 81, "fields": {"slot": "head-title-h1", "default_width": null}}, {"model": "cms.placeholder", "pk": 82, "fields": {"slot": "head-title-h4", "default_width": null}}, {"model": "cms.placeholder", "pk": 83, "fields": {"slot": "best-deal", "default_width": null}}, {"model": "cms.placeholder", "pk": 84, "fields": {"slot": "header-content-list", "default_width": null}}, {"model": "cms.placeholder", "pk": 85, "fields": {"slot": "subscription-list", "default_width": null}}, {"model": "cms.placeholder", "pk": 86, "fields": {"slot": "feature", "default_width": null}}, {"model": "cms.placeholder", "pk": 87, "fields": {"slot": "content", "default_width": null}}, {"model": "cms.placeholder", "pk": 88, "fields": {"slot": "splashbox", "default_width": null}}, {"model": "cms.placeholder", "pk": 89, "fields": {"slot": "form", "default_width": null}}, {"model": "cms.placeholder", "pk": 90, "fields": {"slot": "best-deal", "default_width": null}}, {"model": "cms.placeholder", "pk": 91, "fields": {"slot": "subscription-list", "default_width": null}}, {"model": "cms.placeholder", "pk": 96, "fields": {"slot": "best-deal", "default_width": null}}, {"model": "cms.placeholder", "pk": 97, "fields": {"slot": "subscription-list", "default_width": null}}, {"model": "cms.placeholder", "pk": 114, "fields": {"slot": "head-title-h1", "default_width": null}}, {"model": "cms.placeholder", "pk": 115, "fields": {"slot": "head-title-h4", "default_width": null}}, {"model": "cms.placeholder", "pk": 116, "fields": {"slot": "best-deal", "default_width": null}}, {"model": "cms.placeholder", "pk": 117, "fields": {"slot": "header-content-list", "default_width": null}}, {"model": "cms.placeholder", "pk": 118, "fields": {"slot": "subscription-list", "default_width": null}}, {"model": "cms.placeholder", "pk": 119, "fields": {"slot": "feature", "default_width": null}}, {"model": "cms.placeholder", "pk": 120, "fields": {"slot": "content", "default_width": null}}, {"model": "cms.placeholder", "pk": 121, "fields": {"slot": "splashbox", "default_width": null}}, {"model": "cms.placeholder", "pk": 122, "fields": {"slot": "head-title-h1", "default_width": null}}, {"model": "cms.placeholder", "pk": 123, "fields": {"slot": "head-title-h4", "default_width": null}}, {"model": "cms.placeholder", "pk": 124, "fields": {"slot": "best-deal", "default_width": null}}, {"model": "cms.placeholder", "pk": 125, "fields": {"slot": "header-content-list", "default_width": null}}, {"model": "cms.placeholder", "pk": 126, "fields": {"slot": "subscription-list", "default_width": null}}, {"model": "cms.placeholder", "pk": 127, "fields": {"slot": "feature", "default_width": null}}, {"model": "cms.placeholder", "pk": 128, "fields": {"slot": "content", "default_width": null}}, {"model": "cms.placeholder", "pk": 129, "fields": {"slot": "splashbox", "default_width": null}}, {"model": "cms.placeholder", "pk": 130, "fields": {"slot": "best-deal", "default_width": null}}, {"model": "cms.placeholder", "pk": 131, "fields": {"slot": "subscription-list", "default_width": null}}, {"model": "cms.placeholder", "pk": 140, "fields": {"slot": "best-deal", "default_width": null}}, {"model": "cms.placeholder", "pk": 141, "fields": {"slot": "subscription-list", "default_width": null}}, {"model": "cms.placeholder", "pk": 148, "fields": {"slot": "head-title-h1", "default_width": null}}, {"model": "cms.placeholder", "pk": 149, "fields": {"slot": "head-title-h4", "default_width": null}}, {"model": "cms.placeholder", "pk": 150, "fields": {"slot": "best-deal", "default_width": null}}, {"model": "cms.placeholder", "pk": 151, "fields": {"slot": "subscription-list", "default_width": null}}, {"model": "cms.placeholder", "pk": 152, "fields": {"slot": "feature", "default_width": null}}, {"model": "cms.placeholder", "pk": 153, "fields": {"slot": "content", "default_width": null}}, {"model": "cms.placeholder", "pk": 154, "fields": {"slot": "head-title-h1", "default_width": null}}, {"model": "cms.placeholder", "pk": 155, "fields": {"slot": "head-title-h4", "default_width": null}}, {"model": "cms.placeholder", "pk": 156, "fields": {"slot": "best-deal", "default_width": null}}, {"model": "cms.placeholder", "pk": 157, "fields": {"slot": "subscription-list", "default_width": null}}, {"model": "cms.placeholder", "pk": 158, "fields": {"slot": "feature", "default_width": null}}, {"model": "cms.placeholder", "pk": 159, "fields": {"slot": "content", "default_width": null}}, {"model": "cms.placeholder", "pk": 160, "fields": {"slot": "user-ip-info", "default_width": null}}, {"model": "cms.placeholder", "pk": 161, "fields": {"slot": "user-ip-info", "default_width": null}}, {"model": "cms.placeholder", "pk": 162, "fields": {"slot": "quick-connect", "default_width": null}}, {"model": "cms.placeholder", "pk": 163, "fields": {"slot": "quick-connect", "default_width": null}}, {"model": "cms.placeholder", "pk": 164, "fields": {"slot": "geoip", "default_width": null}}, {"model": "cms.placeholder", "pk": 165, "fields": {"slot": "geoip", "default_width": null}}, {"model": "cms.placeholder", "pk": 166, "fields": {"slot": "clipboard", "default_width": null}}, {"model": "cms.placeholder", "pk": 179, "fields": {"slot": "content", "default_width": null}}, {"model": "cms.placeholder", "pk": 180, "fields": {"slot": "content", "default_width": null}}, {"model": "cms.placeholder", "pk": 181, "fields": {"slot": "content", "default_width": null}}, {"model": "cms.placeholder", "pk": 182, "fields": {"slot": "content", "default_width": null}}, {"model": "cms.placeholder", "pk": 183, "fields": {"slot": "content", "default_width": null}}, {"model": "cms.placeholder", "pk": 184, "fields": {"slot": "content", "default_width": null}}, {"model": "cms.placeholder", "pk": 185, "fields": {"slot": "content", "default_width": null}}, {"model": "cms.placeholder", "pk": 186, "fields": {"slot": "content", "default_width": null}}, {"model": "cms.placeholder", "pk": 187, "fields": {"slot": "content", "default_width": null}}, {"model": "cms.placeholder", "pk": 188, "fields": {"slot": "content", "default_width": null}}, {"model": "cms.placeholder", "pk": 189, "fields": {"slot": "content", "default_width": null}}, {"model": "cms.placeholder", "pk": 190, "fields": {"slot": "content", "default_width": null}}, {"model": "cms.placeholder", "pk": 191, "fields": {"slot": "content", "default_width": null}}, {"model": "cms.placeholder", "pk": 192, "fields": {"slot": "content", "default_width": null}}, {"model": "cms.placeholder", "pk": 193, "fields": {"slot": "content", "default_width": null}}, {"model": "cms.placeholder", "pk": 194, "fields": {"slot": "content", "default_width": null}}, {"model": "cms.placeholder", "pk": 209, "fields": {"slot": "test-ph", "default_width": null}}, {"model": "cms.placeholder", "pk": 210, "fields": {"slot": "test-ph", "default_width": null}}, {"model": "cms.placeholder", "pk": 227, "fields": {"slot": "head-title-h1", "default_width": null}}, {"model": "cms.placeholder", "pk": 228, "fields": {"slot": "head-title-h4", "default_width": null}}, {"model": "cms.placeholder", "pk": 229, "fields": {"slot": "quick-connect", "default_width": null}}, {"model": "cms.placeholder", "pk": 230, "fields": {"slot": "geoip", "default_width": null}}, {"model": "cms.placeholder", "pk": 231, "fields": {"slot": "subscription-list", "default_width": null}}, {"model": "cms.placeholder", "pk": 232, "fields": {"slot": "feature", "default_width": null}}, {"model": "cms.placeholder", "pk": 233, "fields": {"slot": "content", "default_width": null}}, {"model": "cms.placeholder", "pk": 234, "fields": {"slot": "head-title-h1", "default_width": null}}, {"model": "cms.placeholder", "pk": 235, "fields": {"slot": "head-title-h4", "default_width": null}}, {"model": "cms.placeholder", "pk": 236, "fields": {"slot": "quick-connect", "default_width": null}}, {"model": "cms.placeholder", "pk": 237, "fields": {"slot": "geoip", "default_width": null}}, {"model": "cms.placeholder", "pk": 238, "fields": {"slot": "subscription-list", "default_width": null}}, {"model": "cms.placeholder", "pk": 239, "fields": {"slot": "feature", "default_width": null}}, {"model": "cms.placeholder", "pk": 240, "fields": {"slot": "content", "default_width": null}}, {"model": "cms.placeholder", "pk": 255, "fields": {"slot": "head-title-h1", "default_width": null}}, {"model": "cms.placeholder", "pk": 256, "fields": {"slot": "head-title-h4", "default_width": null}}, {"model": "cms.placeholder", "pk": 257, "fields": {"slot": "quick-connect", "default_width": null}}, {"model": "cms.placeholder", "pk": 258, "fields": {"slot": "geoip", "default_width": null}}, {"model": "cms.placeholder", "pk": 259, "fields": {"slot": "subscription-list", "default_width": null}}, {"model": "cms.placeholder", "pk": 260, "fields": {"slot": "feature", "default_width": null}}, {"model": "cms.placeholder", "pk": 261, "fields": {"slot": "content", "default_width": null}}, {"model": "cms.placeholder", "pk": 262, "fields": {"slot": "head-title-h1", "default_width": null}}, {"model": "cms.placeholder", "pk": 263, "fields": {"slot": "head-title-h4", "default_width": null}}, {"model": "cms.placeholder", "pk": 264, "fields": {"slot": "quick-connect", "default_width": null}}, {"model": "cms.placeholder", "pk": 265, "fields": {"slot": "geoip", "default_width": null}}, {"model": "cms.placeholder", "pk": 266, "fields": {"slot": "subscription-list", "default_width": null}}, {"model": "cms.placeholder", "pk": 267, "fields": {"slot": "feature", "default_width": null}}, {"model": "cms.placeholder", "pk": 268, "fields": {"slot": "content", "default_width": null}}, {"model": "cms.placeholder", "pk": 269, "fields": {"slot": "head-title-h1", "default_width": null}}, {"model": "cms.placeholder", "pk": 270, "fields": {"slot": "head-title-h4", "default_width": null}}, {"model": "cms.placeholder", "pk": 271, "fields": {"slot": "quick-connect", "default_width": null}}, {"model": "cms.placeholder", "pk": 272, "fields": {"slot": "geoip", "default_width": null}}, {"model": "cms.placeholder", "pk": 273, "fields": {"slot": "subscription-list", "default_width": null}}, {"model": "cms.placeholder", "pk": 274, "fields": {"slot": "feature", "default_width": null}}, {"model": "cms.placeholder", "pk": 275, "fields": {"slot": "content", "default_width": null}}, {"model": "cms.placeholder", "pk": 276, "fields": {"slot": "head-title-h1", "default_width": null}}, {"model": "cms.placeholder", "pk": 277, "fields": {"slot": "head-title-h4", "default_width": null}}, {"model": "cms.placeholder", "pk": 278, "fields": {"slot": "quick-connect", "default_width": null}}, {"model": "cms.placeholder", "pk": 279, "fields": {"slot": "geoip", "default_width": null}}, {"model": "cms.placeholder", "pk": 280, "fields": {"slot": "subscription-list", "default_width": null}}, {"model": "cms.placeholder", "pk": 281, "fields": {"slot": "feature", "default_width": null}}, {"model": "cms.placeholder", "pk": 282, "fields": {"slot": "content", "default_width": null}}, {"model": "cms.placeholder", "pk": 283, "fields": {"slot": "head-title-h1", "default_width": null}}, {"model": "cms.placeholder", "pk": 284, "fields": {"slot": "head-title-h4", "default_width": null}}, {"model": "cms.placeholder", "pk": 285, "fields": {"slot": "quick-connect", "default_width": null}}, {"model": "cms.placeholder", "pk": 286, "fields": {"slot": "geoip", "default_width": null}}, {"model": "cms.placeholder", "pk": 287, "fields": {"slot": "subscription-list", "default_width": null}}, {"model": "cms.placeholder", "pk": 288, "fields": {"slot": "feature", "default_width": null}}, {"model": "cms.placeholder", "pk": 289, "fields": {"slot": "content", "default_width": null}}, {"model": "cms.placeholder", "pk": 290, "fields": {"slot": "head-title-h1", "default_width": null}}, {"model": "cms.placeholder", "pk": 291, "fields": {"slot": "head-title-h4", "default_width": null}}, {"model": "cms.placeholder", "pk": 292, "fields": {"slot": "quick-connect", "default_width": null}}, {"model": "cms.placeholder", "pk": 293, "fields": {"slot": "geoip", "default_width": null}}, {"model": "cms.placeholder", "pk": 294, "fields": {"slot": "subscription-list", "default_width": null}}, {"model": "cms.placeholder", "pk": 295, "fields": {"slot": "feature", "default_width": null}}, {"model": "cms.placeholder", "pk": 296, "fields": {"slot": "content", "default_width": null}}, {"model": "cms.placeholder", "pk": 297, "fields": {"slot": "head-title-h1", "default_width": null}}, {"model": "cms.placeholder", "pk": 298, "fields": {"slot": "head-title-h4", "default_width": null}}, {"model": "cms.placeholder", "pk": 299, "fields": {"slot": "quick-connect", "default_width": null}}, {"model": "cms.placeholder", "pk": 300, "fields": {"slot": "geoip", "default_width": null}}, {"model": "cms.placeholder", "pk": 301, "fields": {"slot": "subscription-list", "default_width": null}}, {"model": "cms.placeholder", "pk": 302, "fields": {"slot": "feature", "default_width": null}}, {"model": "cms.placeholder", "pk": 303, "fields": {"slot": "content", "default_width": null}}, {"model": "cms.placeholder", "pk": 304, "fields": {"slot": "head-title-h1", "default_width": null}}, {"model": "cms.placeholder", "pk": 305, "fields": {"slot": "head-title-h4", "default_width": null}}, {"model": "cms.placeholder", "pk": 306, "fields": {"slot": "quick-connect", "default_width": null}}, {"model": "cms.placeholder", "pk": 307, "fields": {"slot": "geoip", "default_width": null}}, {"model": "cms.placeholder", "pk": 308, "fields": {"slot": "subscription-list", "default_width": null}}, {"model": "cms.placeholder", "pk": 309, "fields": {"slot": "feature", "default_width": null}}, {"model": "cms.placeholder", "pk": 310, "fields": {"slot": "content", "default_width": null}}, {"model": "cms.placeholder", "pk": 311, "fields": {"slot": "screenshot text", "default_width": null}}, {"model": "cms.placeholder", "pk": 312, "fields": {"slot": "screenshot text", "default_width": null}}, {"model": "cms.placeholder", "pk": 313, "fields": {"slot": "head-title-h1", "default_width": null}}, {"model": "cms.placeholder", "pk": 314, "fields": {"slot": "head-title-h4", "default_width": null}}, {"model": "cms.placeholder", "pk": 315, "fields": {"slot": "quick-connect", "default_width": null}}, {"model": "cms.placeholder", "pk": 316, "fields": {"slot": "geoip", "default_width": null}}, {"model": "cms.placeholder", "pk": 317, "fields": {"slot": "screenshot text", "default_width": null}}, {"model": "cms.placeholder", "pk": 318, "fields": {"slot": "subscription-list", "default_width": null}}, {"model": "cms.placeholder", "pk": 319, "fields": {"slot": "head-title-h1", "default_width": null}}, {"model": "cms.placeholder", "pk": 320, "fields": {"slot": "head-title-h4", "default_width": null}}, {"model": "cms.placeholder", "pk": 321, "fields": {"slot": "quick-connect", "default_width": null}}, {"model": "cms.placeholder", "pk": 322, "fields": {"slot": "geoip", "default_width": null}}, {"model": "cms.placeholder", "pk": 323, "fields": {"slot": "screenshot text", "default_width": null}}, {"model": "cms.placeholder", "pk": 324, "fields": {"slot": "subscription-list", "default_width": null}}, {"model": "cms.placeholder", "pk": 325, "fields": {"slot": "content", "default_width": null}}, {"model": "cms.placeholder", "pk": 326, "fields": {"slot": "content", "default_width": null}}, {"model": "cms.placeholder", "pk": 327, "fields": {"slot": "network", "default_width": null}}, {"model": "cms.placeholder", "pk": 328, "fields": {"slot": "network", "default_width": null}}, {"model": "cms.cmsplugin", "pk": 1, "fields": {"path": "0001", "depth": 1, "numchild": 0, "placeholder": 2, "parent": null, "position": 0, "language": "en", "plugin_type": "TextPlugin", "creation_date": "2022-10-18T14:32:33.125Z", "changed_date": "2022-10-18T14:32:33.126Z"}}, {"model": "cms.cmsplugin", "pk": 3, "fields": {"path": "0003", "depth": 1, "numchild": 0, "placeholder": 10, "parent": null, "position": 0, "language": "en", "plugin_type": "TextPlugin", "creation_date": "2022-10-19T14:30:50.286Z", "changed_date": "2022-11-28T10:47:28.252Z"}}, {"model": "cms.cmsplugin", "pk": 4, "fields": {"path": "0004", "depth": 1, "numchild": 0, "placeholder": 11, "parent": null, "position": 0, "language": "en", "plugin_type": "TextPlugin", "creation_date": "2022-10-19T14:31:40.911Z", "changed_date": "2022-12-06T07:51:21.224Z"}}, {"model": "cms.cmsplugin", "pk": 11, "fields": {"path": "0008", "depth": 1, "numchild": 0, "placeholder": 55, "parent": null, "position": 0, "language": "en", "plugin_type": "TextPlugin", "creation_date": "2022-10-25T10:54:28.864Z", "changed_date": "2022-10-25T11:04:16.169Z"}}, {"model": "cms.cmsplugin", "pk": 76, "fields": {"path": "0011", "depth": 1, "numchild": 0, "placeholder": 66, "parent": null, "position": 0, "language": "en", "plugin_type": "SubscriptionList", "creation_date": "2022-11-14T12:43:06.359Z", "changed_date": "2022-11-14T12:43:06.396Z"}}, {"model": "cms.cmsplugin", "pk": 96, "fields": {"path": "001F", "depth": 1, "numchild": 0, "placeholder": 63, "parent": null, "position": 0, "language": "en", "plugin_type": "SubscriptionBanner", "creation_date": "2022-11-14T16:53:49.334Z", "changed_date": "2022-11-14T16:53:49.349Z"}}, {"model": "cms.cmsplugin", "pk": 103, "fields": {"path": "001M", "depth": 1, "numchild": 0, "placeholder": 68, "parent": null, "position": 0, "language": "en", "plugin_type": "OTPlogin", "creation_date": "2022-11-16T10:38:04.053Z", "changed_date": "2022-11-16T10:38:04.077Z"}}, {"model": "cms.cmsplugin", "pk": 104, "fields": {"path": "001N", "depth": 1, "numchild": 0, "placeholder": 69, "parent": null, "position": 0, "language": "en", "plugin_type": "OTPrequest", "creation_date": "2022-11-16T10:38:12.358Z", "changed_date": "2022-11-16T10:38:12.380Z"}}, {"model": "cms.cmsplugin", "pk": 113, "fields": {"path": "001W", "depth": 1, "numchild": 0, "placeholder": 80, "parent": null, "position": 0, "language": "en", "plugin_type": "OTPrequest", "creation_date": "2022-11-16T12:08:03.726Z", "changed_date": "2022-11-16T12:08:03.750Z"}}, {"model": "cms.cmsplugin", "pk": 136, "fields": {"path": "0026", "depth": 1, "numchild": 0, "placeholder": 17, "parent": null, "position": 0, "language": "en", "plugin_type": "SubscriptionList", "creation_date": "2022-11-26T15:13:32.875Z", "changed_date": "2022-11-26T15:13:32.889Z"}}, {"model": "cms.cmsplugin", "pk": 312, "fields": {"path": "002J", "depth": 1, "numchild": 0, "placeholder": 89, "parent": null, "position": 0, "language": "en", "plugin_type": "OTPrequest", "creation_date": "2022-12-06T07:48:13.222Z", "changed_date": "2022-12-06T07:48:13.236Z"}}, {"model": "cms.cmsplugin", "pk": 349, "fields": {"path": "003G", "depth": 1, "numchild": 0, "placeholder": 163, "parent": null, "position": 0, "language": "en", "plugin_type": "QuickConnect", "creation_date": "2022-12-19T17:27:53.109Z", "changed_date": "2022-12-19T17:27:53.132Z"}}, {"model": "cms.cmsplugin", "pk": 359, "fields": {"path": "003Q", "depth": 1, "numchild": 0, "placeholder": 165, "parent": null, "position": 0, "language": "en", "plugin_type": "GeoIP", "creation_date": "2022-12-19T19:09:48.806Z", "changed_date": "2022-12-19T19:09:48.821Z"}}, {"model": "cms.cmsplugin", "pk": 523, "fields": {"path": "004P", "depth": 1, "numchild": 0, "placeholder": 22, "parent": null, "position": 0, "language": "en", "plugin_type": "TextPlugin", "creation_date": "2023-01-03T21:19:54.141Z", "changed_date": "2023-01-03T21:20:47.730Z"}}, {"model": "cms.cmsplugin", "pk": 525, "fields": {"path": "004Q", "depth": 1, "numchild": 0, "placeholder": 42, "parent": null, "position": 0, "language": "en", "plugin_type": "TextPlugin", "creation_date": "2023-01-03T21:19:54.141Z", "changed_date": "2023-01-03T21:25:49.533Z"}}, {"model": "cms.cmsplugin", "pk": 526, "fields": {"path": "004R", "depth": 1, "numchild": 0, "placeholder": 233, "parent": null, "position": 0, "language": "en", "plugin_type": "TextPlugin", "creation_date": "2023-01-03T21:50:39.660Z", "changed_date": "2023-01-03T21:50:55.528Z"}}, {"model": "cms.cmsplugin", "pk": 528, "fields": {"path": "004T", "depth": 1, "numchild": 0, "placeholder": 185, "parent": null, "position": 0, "language": "en", "plugin_type": "TextPlugin", "creation_date": "2023-01-03T21:51:25.568Z", "changed_date": "2023-01-03T21:51:40.520Z"}}, {"model": "cms.cmsplugin", "pk": 529, "fields": {"path": "004U", "depth": 1, "numchild": 0, "placeholder": 187, "parent": null, "position": 0, "language": "en", "plugin_type": "TextPlugin", "creation_date": "2023-01-03T21:51:25.568Z", "changed_date": "2023-01-03T21:51:44.810Z"}}, {"model": "cms.cmsplugin", "pk": 532, "fields": {"path": "004X", "depth": 1, "numchild": 0, "placeholder": 37, "parent": null, "position": 0, "language": "en", "plugin_type": "SubscriptionList", "creation_date": "2023-01-03T22:08:43.213Z", "changed_date": "2023-01-03T22:08:43.220Z"}}, {"model": "cms.cmsplugin", "pk": 533, "fields": {"path": "004Y", "depth": 1, "numchild": 0, "placeholder": 268, "parent": null, "position": 0, "language": "en", "plugin_type": "TextPlugin", "creation_date": "2023-01-03T22:39:20.092Z", "changed_date": "2023-01-03T22:45:06.168Z"}}, {"model": "cms.cmsplugin", "pk": 536, "fields": {"path": "004Z", "depth": 1, "numchild": 0, "placeholder": 296, "parent": null, "position": 0, "language": "en", "plugin_type": "TextPlugin", "creation_date": "2023-01-03T22:39:20.092Z", "changed_date": "2023-01-03T22:45:10.201Z"}}, {"model": "cms.cmsplugin", "pk": 537, "fields": {"path": "0050", "depth": 1, "numchild": 0, "placeholder": 311, "parent": null, "position": 0, "language": "en", "plugin_type": "TextPlugin", "creation_date": "2023-01-03T23:53:49.129Z", "changed_date": "2023-01-03T23:55:08.508Z"}}, {"model": "cms.cmsplugin", "pk": 549, "fields": {"path": "0051", "depth": 1, "numchild": 0, "placeholder": 5, "parent": null, "position": 0, "language": "en", "plugin_type": "TextPlugin", "creation_date": "2022-10-18T14:32:33.125Z", "changed_date": "2023-01-03T23:55:17.029Z"}}, {"model": "cms.cmsplugin", "pk": 550, "fields": {"path": "0052", "depth": 1, "numchild": 0, "placeholder": 12, "parent": null, "position": 0, "language": "en", "plugin_type": "TextPlugin", "creation_date": "2022-10-19T14:30:50.286Z", "changed_date": "2023-01-03T23:55:17.108Z"}}, {"model": "cms.cmsplugin", "pk": 551, "fields": {"path": "0053", "depth": 1, "numchild": 0, "placeholder": 13, "parent": null, "position": 0, "language": "en", "plugin_type": "TextPlugin", "creation_date": "2022-10-19T14:31:40.911Z", "changed_date": "2023-01-03T23:55:17.171Z"}}, {"model": "cms.cmsplugin", "pk": 552, "fields": {"path": "0054", "depth": 1, "numchild": 0, "placeholder": 54, "parent": null, "position": 0, "language": "en", "plugin_type": "TextPlugin", "creation_date": "2022-10-25T10:54:28.864Z", "changed_date": "2023-01-03T23:55:17.237Z"}}, {"model": "cms.cmsplugin", "pk": 553, "fields": {"path": "0055", "depth": 1, "numchild": 0, "placeholder": 64, "parent": null, "position": 0, "language": "en", "plugin_type": "SubscriptionBanner", "creation_date": "2023-01-03T23:55:17.273Z", "changed_date": "2023-01-03T23:55:17.279Z"}}, {"model": "cms.cmsplugin", "pk": 554, "fields": {"path": "0056", "depth": 1, "numchild": 0, "placeholder": 67, "parent": null, "position": 0, "language": "en", "plugin_type": "SubscriptionList", "creation_date": "2023-01-03T23:55:17.295Z", "changed_date": "2023-01-03T23:55:17.301Z"}}, {"model": "cms.cmsplugin", "pk": 555, "fields": {"path": "0057", "depth": 1, "numchild": 0, "placeholder": 70, "parent": null, "position": 0, "language": "en", "plugin_type": "OTPlogin", "creation_date": "2023-01-03T23:55:17.317Z", "changed_date": "2023-01-03T23:55:17.323Z"}}, {"model": "cms.cmsplugin", "pk": 556, "fields": {"path": "0058", "depth": 1, "numchild": 0, "placeholder": 71, "parent": null, "position": 0, "language": "en", "plugin_type": "OTPrequest", "creation_date": "2023-01-03T23:55:17.338Z", "changed_date": "2023-01-03T23:55:17.346Z"}}, {"model": "cms.cmsplugin", "pk": 557, "fields": {"path": "0059", "depth": 1, "numchild": 0, "placeholder": 162, "parent": null, "position": 0, "language": "en", "plugin_type": "QuickConnect", "creation_date": "2023-01-03T23:55:17.370Z", "changed_date": "2023-01-03T23:55:17.377Z"}}, {"model": "cms.cmsplugin", "pk": 558, "fields": {"path": "005A", "depth": 1, "numchild": 0, "placeholder": 164, "parent": null, "position": 0, "language": "en", "plugin_type": "GeoIP", "creation_date": "2023-01-03T23:55:17.395Z", "changed_date": "2023-01-03T23:55:17.402Z"}}, {"model": "cms.cmsplugin", "pk": 559, "fields": {"path": "005B", "depth": 1, "numchild": 0, "placeholder": 312, "parent": null, "position": 0, "language": "en", "plugin_type": "TextPlugin", "creation_date": "2023-01-03T23:53:49.129Z", "changed_date": "2023-01-03T23:55:17.453Z"}}, {"model": "cms.cmsplugin", "pk": 560, "fields": {"path": "005C", "depth": 1, "numchild": 0, "placeholder": 326, "parent": null, "position": 0, "language": "en", "plugin_type": "TextPlugin", "creation_date": "2023-01-04T00:23:07.134Z", "changed_date": "2023-01-04T00:23:27.133Z"}}, {"model": "cms.cmsplugin", "pk": 561, "fields": {"path": "005D", "depth": 1, "numchild": 0, "placeholder": 325, "parent": null, "position": 0, "language": "en", "plugin_type": "TextPlugin", "creation_date": "2023-01-04T00:23:07.134Z", "changed_date": "2023-01-04T00:23:32.022Z"}}, {"model": "cms.cmsplugin", "pk": 562, "fields": {"path": "005E", "depth": 1, "numchild": 0, "placeholder": 240, "parent": null, "position": 0, "language": "en", "plugin_type": "TextPlugin", "creation_date": "2023-01-03T21:50:39.660Z", "changed_date": "2023-01-04T00:27:40.676Z"}}, {"model": "cms.title", "pk": 1, "fields": {"language": "en", "title": "Home", "page_title": "TunnelHub | Global OpenVPN Provider", "menu_title": "Product", "meta_description": "", "slug": "tunnelhub", "path": "", "has_url_overwrite": false, "redirect": null, "page": 1, "creation_date": "2022-10-18T14:32:33.088Z", "published": true, "publisher_is_draft": true, "publisher_public": 2, "publisher_state": 0}}, {"model": "cms.title", "pk": 2, "fields": {"language": "en", "title": "Home", "page_title": "TunnelHub | Global OpenVPN Provider", "menu_title": "Product", "meta_description": "", "slug": "tunnelhub", "path": "", "has_url_overwrite": false, "redirect": null, "page": 2, "creation_date": "2022-10-18T14:32:33.088Z", "published": true, "publisher_is_draft": false, "publisher_public": 1, "publisher_state": 0}}, {"model": "cms.title", "pk": 3, "fields": {"language": "en", "title": "Pricing", "page_title": "Plans and Pricing", "menu_title": "", "meta_description": "", "slug": "pricing", "path": "pricing", "has_url_overwrite": false, "redirect": null, "page": 3, "creation_date": "2022-10-19T14:39:48.299Z", "published": true, "publisher_is_draft": true, "publisher_public": 7, "publisher_state": 0}}, {"model": "cms.title", "pk": 4, "fields": {"language": "en", "title": "Platform Instructions", "page_title": "", "menu_title": "", "meta_description": "", "slug": "platform", "path": "doc/platform", "has_url_overwrite": false, "redirect": null, "page": 4, "creation_date": "2022-10-19T14:40:14.169Z", "published": true, "publisher_is_draft": true, "publisher_public": 8, "publisher_state": 0}}, {"model": "cms.title", "pk": 7, "fields": {"language": "en", "title": "Pricing", "page_title": "Plans and Pricing", "menu_title": "", "meta_description": "", "slug": "pricing", "path": "pricing", "has_url_overwrite": false, "redirect": null, "page": 7, "creation_date": "2022-10-19T14:39:48.299Z", "published": true, "publisher_is_draft": false, "publisher_public": 3, "publisher_state": 0}}, {"model": "cms.title", "pk": 8, "fields": {"language": "en", "title": "Platform Instructions", "page_title": "", "menu_title": "", "meta_description": "", "slug": "platform", "path": "doc/platform", "has_url_overwrite": false, "redirect": null, "page": 8, "creation_date": "2022-10-19T14:40:14.169Z", "published": true, "publisher_is_draft": false, "publisher_public": 4, "publisher_state": 0}}, {"model": "cms.title", "pk": 11, "fields": {"language": "en", "title": "Sign In", "page_title": "Sign In | TunnelHub", "menu_title": "", "meta_description": "", "slug": "account", "path": "account", "has_url_overwrite": false, "redirect": null, "page": 11, "creation_date": "2022-11-16T12:07:07.140Z", "published": true, "publisher_is_draft": true, "publisher_public": 12, "publisher_state": 0}}, {"model": "cms.title", "pk": 12, "fields": {"language": "en", "title": "Sign In", "page_title": "Sign In | TunnelHub", "menu_title": "", "meta_description": "", "slug": "account", "path": "account", "has_url_overwrite": false, "redirect": null, "page": 12, "creation_date": "2022-11-16T12:07:07.140Z", "published": true, "publisher_is_draft": false, "publisher_public": 11, "publisher_state": 0}}, {"model": "cms.title", "pk": 15, "fields": {"language": "en", "title": "Paywall", "page_title": "Subscribe", "menu_title": "", "meta_description": "", "slug": "subscribe", "path": "subscribe", "has_url_overwrite": false, "redirect": null, "page": 15, "creation_date": "2022-11-21T08:21:32.654Z", "published": true, "publisher_is_draft": true, "publisher_public": 16, "publisher_state": 0}}, {"model": "cms.title", "pk": 16, "fields": {"language": "en", "title": "Paywall", "page_title": "Subscribe", "menu_title": "", "meta_description": "", "slug": "subscribe", "path": "subscribe", "has_url_overwrite": false, "redirect": null, "page": 16, "creation_date": "2022-11-21T08:21:32.654Z", "published": true, "publisher_is_draft": false, "publisher_public": 15, "publisher_state": 0}}, {"model": "cms.title", "pk": 18, "fields": {"language": "en", "title": "Service", "page_title": "Application | TunnelHub - Global OpenVPN Provider", "menu_title": "", "meta_description": "", "slug": "app", "path": "app", "has_url_overwrite": false, "redirect": null, "page": 18, "creation_date": "2022-12-07T06:33:42.815Z", "published": true, "publisher_is_draft": true, "publisher_public": 19, "publisher_state": 0}}, {"model": "cms.title", "pk": 19, "fields": {"language": "en", "title": "Service", "page_title": "Application | TunnelHub - Global OpenVPN Provider", "menu_title": "", "meta_description": "", "slug": "app", "path": "app", "has_url_overwrite": false, "redirect": null, "page": 19, "creation_date": "2022-12-07T06:33:42.815Z", "published": true, "publisher_is_draft": false, "publisher_public": 18, "publisher_state": 0}}, {"model": "cms.title", "pk": 24, "fields": {"language": "en", "title": "Connection", "page_title": "", "menu_title": "", "meta_description": "", "slug": "connection", "path": "app/connection", "has_url_overwrite": false, "redirect": null, "page": 24, "creation_date": "2022-12-31T01:22:32.880Z", "published": true, "publisher_is_draft": true, "publisher_public": 26, "publisher_state": 0}}, {"model": "cms.title", "pk": 25, "fields": {"language": "en", "title": "Subscription", "page_title": "", "menu_title": "", "meta_description": "", "slug": "subscription", "path": "app/subscription", "has_url_overwrite": false, "redirect": null, "page": 25, "creation_date": "2022-12-31T01:23:29.222Z", "published": true, "publisher_is_draft": true, "publisher_public": 27, "publisher_state": 0}}, {"model": "cms.title", "pk": 26, "fields": {"language": "en", "title": "Connection", "page_title": "", "menu_title": "", "meta_description": "", "slug": "connection", "path": "app/connection", "has_url_overwrite": false, "redirect": null, "page": 26, "creation_date": "2022-12-31T01:22:32.880Z", "published": true, "publisher_is_draft": false, "publisher_public": 24, "publisher_state": 0}}, {"model": "cms.title", "pk": 27, "fields": {"language": "en", "title": "Subscription", "page_title": "", "menu_title": "", "meta_description": "", "slug": "subscription", "path": "app/subscription", "has_url_overwrite": false, "redirect": null, "page": 27, "creation_date": "2022-12-31T01:23:29.222Z", "published": true, "publisher_is_draft": false, "publisher_public": 25, "publisher_state": 0}}, {"model": "cms.title", "pk": 28, "fields": {"language": "en", "title": "Helpdesk", "page_title": "", "menu_title": "Support", "meta_description": "", "slug": "support", "path": "app/support", "has_url_overwrite": false, "redirect": null, "page": 28, "creation_date": "2022-12-31T01:43:11.555Z", "published": true, "publisher_is_draft": true, "publisher_public": 29, "publisher_state": 0}}, {"model": "cms.title", "pk": 29, "fields": {"language": "en", "title": "Helpdesk", "page_title": "", "menu_title": "Support", "meta_description": "", "slug": "support", "path": "app/support", "has_url_overwrite": false, "redirect": null, "page": 29, "creation_date": "2022-12-31T01:43:11.555Z", "published": true, "publisher_is_draft": false, "publisher_public": 28, "publisher_state": 0}}, {"model": "cms.title", "pk": 30, "fields": {"language": "en", "title": "Windows", "page_title": "", "menu_title": "", "meta_description": "", "slug": "windows", "path": "doc/platform/windows", "has_url_overwrite": false, "redirect": null, "page": 30, "creation_date": "2023-01-03T19:19:21.343Z", "published": true, "publisher_is_draft": true, "publisher_public": 32, "publisher_state": 0}}, {"model": "cms.title", "pk": 31, "fields": {"language": "en", "title": "Android", "page_title": "", "menu_title": "", "meta_description": "", "slug": "android", "path": "doc/platform/android", "has_url_overwrite": false, "redirect": null, "page": 31, "creation_date": "2023-01-03T19:19:44.696Z", "published": true, "publisher_is_draft": true, "publisher_public": 38, "publisher_state": 0}}, {"model": "cms.title", "pk": 32, "fields": {"language": "en", "title": "Windows", "page_title": "", "menu_title": "", "meta_description": "", "slug": "windows", "path": "doc/platform/windows", "has_url_overwrite": false, "redirect": null, "page": 32, "creation_date": "2023-01-03T19:19:21.343Z", "published": true, "publisher_is_draft": false, "publisher_public": 30, "publisher_state": 0}}, {"model": "cms.title", "pk": 33, "fields": {"language": "en", "title": "OSx", "page_title": "OSx(MacOS) setup", "menu_title": "OSx", "meta_description": "", "slug": "osx", "path": "doc/platform/osx", "has_url_overwrite": false, "redirect": null, "page": 33, "creation_date": "2023-01-03T19:20:30.908Z", "published": true, "publisher_is_draft": true, "publisher_public": 36, "publisher_state": 0}}, {"model": "cms.title", "pk": 34, "fields": {"language": "en", "title": "iOS", "page_title": "", "menu_title": "", "meta_description": "", "slug": "ios", "path": "doc/platform/ios", "has_url_overwrite": false, "redirect": null, "page": 34, "creation_date": "2023-01-03T19:21:07.127Z", "published": true, "publisher_is_draft": true, "publisher_public": 39, "publisher_state": 0}}, {"model": "cms.title", "pk": 35, "fields": {"language": "en", "title": "Linux", "page_title": "", "menu_title": "", "meta_description": "", "slug": "linux", "path": "doc/platform/linux", "has_url_overwrite": false, "redirect": null, "page": 35, "creation_date": "2023-01-03T19:21:22.994Z", "published": true, "publisher_is_draft": true, "publisher_public": 37, "publisher_state": 0}}, {"model": "cms.title", "pk": 36, "fields": {"language": "en", "title": "OSx", "page_title": "OSx(MacOS) setup", "menu_title": "OSx", "meta_description": "", "slug": "osx", "path": "doc/platform/osx", "has_url_overwrite": false, "redirect": null, "page": 36, "creation_date": "2023-01-03T19:20:30.908Z", "published": true, "publisher_is_draft": false, "publisher_public": 33, "publisher_state": 0}}, {"model": "cms.title", "pk": 37, "fields": {"language": "en", "title": "Linux", "page_title": "", "menu_title": "", "meta_description": "", "slug": "linux", "path": "doc/platform/linux", "has_url_overwrite": false, "redirect": null, "page": 37, "creation_date": "2023-01-03T19:21:22.994Z", "published": true, "publisher_is_draft": false, "publisher_public": 35, "publisher_state": 0}}, {"model": "cms.title", "pk": 38, "fields": {"language": "en", "title": "Android", "page_title": "", "menu_title": "", "meta_description": "", "slug": "android", "path": "doc/platform/android", "has_url_overwrite": false, "redirect": null, "page": 38, "creation_date": "2023-01-03T19:19:44.696Z", "published": true, "publisher_is_draft": false, "publisher_public": 31, "publisher_state": 0}}, {"model": "cms.title", "pk": 39, "fields": {"language": "en", "title": "iOS", "page_title": "", "menu_title": "", "meta_description": "", "slug": "ios", "path": "doc/platform/ios", "has_url_overwrite": false, "redirect": null, "page": 39, "creation_date": "2023-01-03T19:21:07.127Z", "published": true, "publisher_is_draft": false, "publisher_public": 34, "publisher_state": 0}}, {"model": "cms.title", "pk": 47, "fields": {"language": "en", "title": "Documentation", "page_title": "Documentation", "menu_title": "", "meta_description": "", "slug": "doc", "path": "doc", "has_url_overwrite": false, "redirect": null, "page": 47, "creation_date": "2023-01-03T20:59:18.563Z", "published": true, "publisher_is_draft": true, "publisher_public": 48, "publisher_state": 0}}, {"model": "cms.title", "pk": 48, "fields": {"language": "en", "title": "Documentation", "page_title": "Documentation", "menu_title": "", "meta_description": "", "slug": "doc", "path": "doc", "has_url_overwrite": false, "redirect": null, "page": 48, "creation_date": "2023-01-03T20:59:18.563Z", "published": true, "publisher_is_draft": false, "publisher_public": 47, "publisher_state": 0}}, {"model": "cms.title", "pk": 51, "fields": {"language": "en", "title": "Legal", "page_title": "Legal Documents", "menu_title": "", "meta_description": "", "slug": "legal", "path": "legal", "has_url_overwrite": false, "redirect": null, "page": 51, "creation_date": "2023-01-03T22:18:18.233Z", "published": true, "publisher_is_draft": true, "publisher_public": 55, "publisher_state": 0}}, {"model": "cms.title", "pk": 52, "fields": {"language": "en", "title": "Privacy Policy", "page_title": "Privacy Policy - TunnelHub", "menu_title": "", "meta_description": "", "slug": "privacy-policy", "path": "legal/privacy-policy", "has_url_overwrite": false, "redirect": null, "page": 52, "creation_date": "2023-01-03T22:20:36.131Z", "published": true, "publisher_is_draft": true, "publisher_public": 56, "publisher_state": 0}}, {"model": "cms.title", "pk": 53, "fields": {"language": "en", "title": "Terms of Service", "page_title": "", "menu_title": "", "meta_description": "", "slug": "terms-of-service", "path": "legal/terms-of-service", "has_url_overwrite": false, "redirect": null, "page": 53, "creation_date": "2023-01-03T22:21:00.473Z", "published": true, "publisher_is_draft": true, "publisher_public": 57, "publisher_state": 0}}, {"model": "cms.title", "pk": 54, "fields": {"language": "en", "title": "Cookie Policy", "page_title": "", "menu_title": "", "meta_description": "", "slug": "cookie-policy", "path": "legal/cookie-policy", "has_url_overwrite": false, "redirect": null, "page": 54, "creation_date": "2023-01-03T22:21:20.546Z", "published": true, "publisher_is_draft": true, "publisher_public": 58, "publisher_state": 0}}, {"model": "cms.title", "pk": 55, "fields": {"language": "en", "title": "Legal", "page_title": "Legal Documents", "menu_title": "", "meta_description": "", "slug": "legal", "path": "legal", "has_url_overwrite": false, "redirect": null, "page": 55, "creation_date": "2023-01-03T22:18:18.233Z", "published": true, "publisher_is_draft": false, "publisher_public": 51, "publisher_state": 0}}, {"model": "cms.title", "pk": 56, "fields": {"language": "en", "title": "Privacy Policy", "page_title": "Privacy Policy - TunnelHub", "menu_title": "", "meta_description": "", "slug": "privacy-policy", "path": "legal/privacy-policy", "has_url_overwrite": false, "redirect": null, "page": 56, "creation_date": "2023-01-03T22:20:36.131Z", "published": true, "publisher_is_draft": false, "publisher_public": 52, "publisher_state": 0}}, {"model": "cms.title", "pk": 57, "fields": {"language": "en", "title": "Terms of Service", "page_title": "", "menu_title": "", "meta_description": "", "slug": "terms-of-service", "path": "legal/terms-of-service", "has_url_overwrite": false, "redirect": null, "page": 57, "creation_date": "2023-01-03T22:21:00.473Z", "published": true, "publisher_is_draft": false, "publisher_public": 53, "publisher_state": 0}}, {"model": "cms.title", "pk": 58, "fields": {"language": "en", "title": "Cookie Policy", "page_title": "", "menu_title": "", "meta_description": "", "slug": "cookie-policy", "path": "legal/cookie-policy", "has_url_overwrite": false, "redirect": null, "page": 58, "creation_date": "2023-01-03T22:21:20.546Z", "published": true, "publisher_is_draft": false, "publisher_public": 54, "publisher_state": 0}}, {"model": "cms.title", "pk": 59, "fields": {"language": "en", "title": "Support", "page_title": "Support page for guest users", "menu_title": "", "meta_description": "", "slug": "support", "path": "support", "has_url_overwrite": false, "redirect": null, "page": 59, "creation_date": "2023-01-04T00:17:39.158Z", "published": true, "publisher_is_draft": true, "publisher_public": 60, "publisher_state": 0}}, {"model": "cms.title", "pk": 60, "fields": {"language": "en", "title": "Support", "page_title": "Support page for guest users", "menu_title": "", "meta_description": "", "slug": "support", "path": "support", "has_url_overwrite": false, "redirect": null, "page": 60, "creation_date": "2023-01-04T00:17:39.158Z", "published": true, "publisher_is_draft": false, "publisher_public": 59, "publisher_state": 0}}, {"model": "cms.urlconfrevision", "pk": 1, "fields": {"revision": "879ccead-aaa2-4fb8-8592-1e8c517a859d"}}, {"model": "djangocms_text_ckeditor.text", "pk": 1, "fields": {"cmsplugin_ptr": 1, "body": "<p>hello amma page</p>"}}, {"model": "djangocms_text_ckeditor.text", "pk": 3, "fields": {"cmsplugin_ptr": 3, "body": "<p>Global OpenVPN<sup></sup> Provider</p>"}}, {"model": "djangocms_text_ckeditor.text", "pk": 4, "fields": {"cmsplugin_ptr": 4, "body": "<p>Time-trusted multiplatform VPN</p>"}}, {"model": "djangocms_text_ckeditor.text", "pk": 11, "fields": {"cmsplugin_ptr": 11, "body": "<ul class=\"header-content-list\">\n\t<li>\n<i class=\"fa fa-globe\"></i>\n\t<h4> IP </h4>\n\n\t<p> , 100 , 50000 </p>\n\t</li>\n\t<li>\n<i class=\"fa fa-globe\"></i>\n\t<h4>  </h4>\n\n\t<p></p>\n\t</li>\n\t<li>\n<i class=\"fa fa-globe\"></i>\n\t<h4>   </h4>\n\n\t<p></p>\n\t</li>\n\t<li>\n<i class=\"fa fa-globe\"></i>\n\t<h4>   -</h4>\n\n\t<p></p>\n\t</li>\n\t<li>\n<i class=\"fa fa-globe\"></i>\n\t<h4>         </h4>\n\n\t<p></p>\n\t</li>\n\t<li>\n<i class=\"fa fa-globe\"></i>\n\t<h4>     ,    ..</h4>\n\n\t<p></p>\n\t</li>\n\t<li>\n<i class=\"fa fa-globe\"></i>\n\t<h4>        (         :) );</h4>\n\n\t<p></p>\n\t</li>\n</ul>"}}, {"model": "djangocms_text_ckeditor.text", "pk": 523, "fields": {"cmsplugin_ptr": 523, "body": "<p>TunnelHub supports multiple platforms</p>"}}, {"model": "djangocms_text_ckeditor.text", "pk": 525, "fields": {"cmsplugin_ptr": 525, "body": "<p>TunnelHub supports multiple platforms</p>"}}, {"model": "djangocms_text_ckeditor.text", "pk": 526, "fields": {"cmsplugin_ptr": 526, "body": "<p>documentation index page - how to use it</p>"}}, {"model": "djangocms_text_ckeditor.text", "pk": 528, "fields": {"cmsplugin_ptr": 528, "body": "<p>setup TunnelHub VPN on Windows</p>"}}, {"model": "djangocms_text_ckeditor.text", "pk": 529, "fields": {"cmsplugin_ptr": 529, "body": "<p>setup TunnelHub VPN on Windows</p>"}}, {"model": "djangocms_text_ckeditor.text", "pk": 533, "fields": {"cmsplugin_ptr": 533, "body": "<div class=\"support-content\">\n<div class=\"content wrapper\">\n<div class=\"page-content\">\n<section class=\"section\">\n<div class=\"container\">\n<h4><strong><i>Last Modified: January 29th, 2020 TODO: add automatically?</i></strong></h4>\n\n<h2>1. Introduction</h2>\n\n<section>\n<p>Appatomic Ltd (hereinafter we, us or our) operates the website www.vpnhub.com (hereinafter referred to as Website) and other applications such as the free and paid version of VPNhub, including the mobile and desktop applications of VPNhub (hereinafter Services) and is the controller of the information collected or provided via the Services and Website.</p>\n\n<p>By accessing or using our Services and Website, you accept the terms of this Privacy Policy. If you do not agree with any part of this privacy policy or our terms, please do not access or continue to use our Services or Website or otherwise submit your personal data.</p>\n\n<p>We collect, process and retain personal data to the extent it is necessary to provide users with our service. This privacy policy applies to information we collect:</p>\n\n<ul>\n\t<li>on the Services and Website,</li>\n\t<li>in e-mail or other communications between you and the Services and Website,</li>\n\t<li>through the desktop and mobile applications of VPNhub you download from the Website, Google Play, or Apple App Store, or</li>\n\t<li>when you interact with our advertising and Services on third-party websites and services, if those services or advertising include links to this privacy policy.</li>\n</ul>\n\n<p>It does not apply to information collected by:</p>\n\n<ul>\n\t<li>us offline or through any other means, including on any other website operated by us or any third party (including our affiliates and subsidiaries); or</li>\n\t<li>any third party (including our affiliates and subsidiaries), including through any application or content (including advertising) that may link to or be accessible from the Services or Website. Clicking on those links or enabling those connections may allow third parties to collect or share data about you. We do not control these third- party websites and we are not responsible for their privacy statements, information or other practices.</li>\n</ul>\n</section>\n\n<h2>2. Warrant Canary</h2>\n\n<section>\n<p>As of <span id=\"date\">Wed Jan 04 2023</span>, we have not received any National Security Letters or FISA court orders, and we have not been subject to any gag order(s) by a FISA court, or any other similar court(s) of any government. We have never placed any backdoors in our hardware or software and have not received any requests to do so. No searches or seizures of any kind have ever been performed on our assets.</p>\n\n<p></p>\n</section>\n\n<h2>3. Information We Collect and How is your Personal Information Collected.</h2>\n\n<section>\n<p>Personal data, or personal information, means any information about an individual from which that person can be identified by (<strong>Personal Information</strong>). You do not have to give Appatomic any Personal Information to browse our Website or use our Services.</p>\n\n<p>We use different methods to collect data from and about you including through:</p>\n\n<ul>\n\t<li><strong>Direct interactions.</strong></li>\n\t<li><i><strong>Automatic data collection technologies or interactions.</strong></i></li>\n</ul>\n\n<h5><strong>Personal Information provided by users through Direct Interactions</strong></h5>\n\n<p>Through Direct Interactions we may collect, use, store and transfer the following information that users choose to provide to us:</p>\n\n<ul>\n\t<li><strong>Account Information.</strong> E-mail/username and password if you create VPNHub Premium account. No email is required to create a free version of VPNhub account. We will never require you to register or provide us any contact information to download or use our products.</li>\n\t<li><strong>Contact data.</strong> Email address and additional Personal Information you may provide us if you contact us.</li>\n\t<li><strong>Marketing and Communications Data.</strong> Your communication preferences and preferences in receiving marketing from us, our third parties affiliates or partners.</li>\n</ul>\n\n<p>If you choose to purchase a subscription for VPNhub Premium account, we will not collect any Personal Information related to such payment. Payments made via Probiller, or in the Apple App Store or Google Play, will be processed by these third parties, and will be subject to such third partys privacy policy, and not this Privacy Policy.</p>\n\n<p><strong>Personal Information automatically collected from users through Automatic Data Collection Technologies or Interactions</strong></p>\n\n<p>We and our third party service providers may automatically collect, use, store and transfer the following information about you or your device as follows:</p>\n\n<ul>\n\t<li><strong>When VPNHub app is launched, but before you connect to the VPN,</strong> we and our third party service providers collect device-specific information such as unique mobile ID, operating system and platform, browser type and version, network information and other technology on the devices you use to access the Website or the Services.</li>\n\t<li><strong>When you connect to the VPNhub VPN,</strong> we collect your internet protocol (IP) address, which we pseudonymize, immediately encrypt it and store it only for the duration of your VPN session. Your IP address is deleted after you disconnect from the VPN without storing or logging it. We do not associate your IP address with your online activities and we do not store or log your IP address with your online activities.</li>\n\t<li><strong>Usage Data</strong> includes non-personally identifiable aggregated information about how you use our Services and Website. We do not attribute any specific website visits or app usage to any specific user. <strong>We do not keep logs of your online activities and will never associate any domains, websites or applications that you use with you, your device or your email.</strong></li>\n\t<li><strong>Transaction Data </strong> in case of purchases, it may include details about payments to and from you and details of products and services you have purchased or received from us.</li>\n\t<li><strong>Aggregated Data.</strong> We may also collect, use and share your data to produce and share aggregated data that do not identify you and therefore not considered as Personal Information. For example, we may aggregate your usage data to calculate the percentage of users accessing a specific Services feature, to generate statistics about our users or to calculate ad impressions clicked on.</li>\n</ul>\n\n<p><strong>Inf</strong></p>\n</section>\n\n<h2>4. Third Party Advertising</h2>\n\n\n<section>\n<p>Some content or applications, including advertisements, on the Services are served by third parties, including advertisers, ad networks and servers, content providers and application providers. These third parties may use cookies alone or in conjunction with web beacons or other tracking technologies to collect information about you when you use our Website. U</p>\n</section>\n\n<h2>6. Third-Party Use of Cookies and Other Tracking Technologies</h2>\n\n<section>\n<p>We will only use your Personal Information when applicable local law allows us to. We may process your Personal Information for more than one lawful ground depending on the specific purpose for which we are using it. Generally, we do not rely on consent as a legal basis for processing your Personal Information other than in relation to sending third party direct marketing communications to you via email or other communication method. We do not sell or rent Personal Information to others, we do not log your browsing data and we delete your IP address when you disconnect from VPNhubs VPN.</p>\n\n<p>In general, we use information that we collect about you or that you provide to us through our Services and Website, including Personal Information, to create new accounts (VPNhub Premium), identify and communicate with current subscribers, offer troubleshooting, customer support and notices to registered users about their accounts, including expiration and renewal notices, notices about changes to our Services, Website, changes to the our Terms and Conditions and policies or any products or services we offer or provide through them. We may also use Personal Information for the following reasons:</p>\n\n<p></p>\n\n<p></p>\n\n<ul>\n\t<li>To verify your identity when you login to the Services;</li>\n\t<li>To administer, maintain and improve our Services;</li>\n\t<li>Provision of services: to present our Services and their contents to you, including any interactive features on the Services, and to</li>\n\t<li>Functionality and security: to diagnose or fix technology problems, and detect, prevent, and respond to actual or potential fraud, illegal activities, or intellectual property infringement;</li>\n\t<li>Compliance: to enforce our terms and conditions and to comply with legal and regulatory obligations;</li>\n\t<li>Where it is necessary for our legitimate interests (or those of a third party) and your interests and fundamental rights do not override those interests;</li>\n\t<li>in any other way we may describe when you provide the information; or for any other purpose with your consent provided separately from this privacy policy.</li>\n\t<li><i>Service Providers.</i> With third party service providers who provide services on our behalf such as processing payments (<a href=\"https://probiller.com/legal/privacy\" target=\"_blank\">Probiller</a>, Google Play and Apple App Store). Our service providers receive only the information necessary to perform their designated functions, and are not permitted to use or disclose this information or your Personal Information for their own marketing or other purposes;</li>\n\t<li style=\"\">\n\t<table>\n\t\t<tbody>\n\t\t\t<tr>\n\t\t\t\t<th><strong>Provider</strong></th>\n\t\t\t\t<th><strong>Service</strong></th>\n\t\t\t\t<th><strong>About</strong></th>\n\t\t\t</tr>\n\t\t\t<tr>\n\t\t\t\t<td></td>\n\t\t\t\t<td></td>\n\t\t\t\t<td></td>\n\t\t\t</tr>\n\t\t\t<tr>\n\t\t\t\t<td></td>\n\t\t\t\t<td></td>\n\t\t\t\t<td></td>\n\t\t\t</tr>\n\t\t\t<tr>\n\t\t\t\t<td></td>\n\t\t\t\t<td></td>\n\t\t\t\t<td></td>\n\t\t\t</tr>\n\t\t</tbody>\n\t</table>\n\t</li>\n\t<li><i>Aggregate, Anonymous or De-Identified Information.</i> Sharing aggregate or non- personally identifiable information with non-affiliated third parties for advertising, marketing or research purposes. We do not share your personal information with any third parties for their own marketing, advertising or research purposes.</li>\n</ul>\n</section>\n\n<h2>7. Security Measures We Have In Place</h2>\n\n<section>\n<p>We use appropriate security measures (including physical, electronic and procedural measures) that are consistent with industry standards to protect your Personal Information we collect and maintain about you from loss, theft, misuse or unauthorized access or disclosure or destruction such as encryption, access controls, passwords or technical or physical security measures and safeguards. All employees and service providers are up-to- date on our security and privacy practices. Access to user Personal Information is restricted to those who need to know such information to perform their job functions.</p>\n\n<p>Despite our efforts, no data security methods guarantee 100% protection. We do not promise and cannot guarantee that your Personal Information can never be viewed and/or used by others. You are responsible for maintaining the secrecy of your unique password and account information at all times. We are not responsible for circumventions of any privacy settings or security measures contained on the Services.</p>\n</section>\n\n<h2>8. Disclosure of your Personal Information</h2>\n\n<section>\n<p>We do not disclose your Personal Information except in the limited circumstances described here:</p>\n\n<ul>\n\t<li><strong>Members of corporate group.</strong> To members of our corporate group (that is, entities that control, are controlled by, or are under common control with us) who operate services that help us with: customer management, customization of content, advertising, analytics, verifications, functionality and security, and compliance.</li>\n\t<li><strong>Service providers.</strong> To our authorized service providers that perform services on our behalf such as payment processing who may have access to Personal Information necessary to perform their functions but are not permitted to share or use such information for other purposes.</li>\n\t<li><strong>Legal successors.</strong> To a buyer or successor in the event of merger, divestiture, restructuring, reorganization, dissolution or other sale or transfer of some or all of our assets, whether as a going concern or as part of bankruptcy, liquidation or similar proceeding, in which Personal Information held by us about our Services and Website users is among the assets transferred. Should such sale or transfer occur, we will use reasonable efforts to try to ensure that the entity to which we transfer your Personal Information uses it in a manner that is consistent with this privacy policy.</li>\n</ul>\n\n<p>We do not require you to provide us with any contact information in order to download or use our Services, we do not log or store your IP address after you disconnect from the VPN, and we do not keep logs of your online activities. If you use VPNhub Premium, no Personal Information is shared with third party advertisers.</p>\n\n<p>We access, preserve and share your Personal Information with regulators, law enforcement or others where we reasonably believe such disclosure is needed to (a) satisfy any applicable law, regulation, legal process, or governmental request, (b) enforce applicable terms of use, including investigation of potential violations thereof, (c) detect, prevent, or otherwise address illegal or suspected illegal activities, security or technical issues, (d) protect against harm to the rights, property or safety of our company, our users, our employees, or others; or (e) to maintain and protect the security and integrity of our Services, Website or infrastructure. In such cases, we may raise or waive any legal objection or right available to us, in our sole discretion.</p>\n\n<p>We may disclose aggregated information about our users, and information that does not identify any individual. We may share aggregated information with third parties for conducting general business analysis. This information does not contain any Personal Information and may be used to develop content and services that we hope our users will find of interest.</p>\n</section>\n\n<h2>9. International Users And Transfers of Your Personal Information to Other Countries</h2>\n\n<section>\n<p>Appatomics servers are based in the United States so your Personal Information will be processed by Appatomic in the United States, where data protection laws may be different from other parts of the world. Whenever in the course of sharing information we transfer Personal Information to countries outside of the European Economic Area and other regions with comprehensive data protection laws, we will ensure that the information is transferred in accordance with this privacy policy and as permitted by applicable laws on data protection.</p>\n\n<p>By using the Services you consent to the transfer of information that we collect about you, including Personal Information, to any country, including the United States, in which we, members of our corporate group (as defined above) or our service providers are located.</p>\n</section>\n\n<h2>10. Retention of Personal Information</h2>\n\n<section>\n<p>We will only retain your Personal Information for as long as necessary to fulfil the purposes we collected it for, including for satisfying any legal, accounting, or reporting requirements.</p>\n\n<p>To determine the appropriate retention period, we consider the amount, nature, and sensitivity of the Personal Information, the potential risk of harm from unauthorized use or disclosure of your Personal Information, the purposes for which we process your Personal Information and whether we can achieve those purposes through other means, and the applicable legal requirements. The retention period that is necessary for compliance and legal enforcement purposes varies and depends on the nature of our legal obligations and claims in the individual case.</p>\n\n<p>Where we no longer need to process your Personal Information for the purposes set out in this Privacy Policy, we will delete your Personal Information. Where permissible, we will also delete your Personal Information upon your request.</p>\n</section>\n\n<h2 id=\"Choices_About_How_We_Collect\">11. Choices about How we Collect, Use and Disclose Your Personal Information</h2>\n\n<section>\n<p>We strive to provide you with choices regarding the Personal Information you provide to us.</p>\n\n<p></p>\n\n<p></p>\n\n<ul>\n\t<li>You can choose not to provide us with certain Personal Information, but that may result in you being unable to use our Services or certain features of them because such information may be required in order to register as a member (email is required to create a VPNhub Premium account); purchase products or services; contact us (email is required when contacting customer support); or initiate other transactions on our Services.</li>\n\t<li>You can set your browser to refuse all or some browser cookies, or to alert you when cookies are being sent. If you disable or refuse cookies, some parts of the Website may become inaccessible or not function properly.</li>\n\t<li>You may opt out of Firebase cookie or Google Analytics by visiting the <a href=\"https://adssettings.google.com/authenticated\" target=\"_blank\">Google advertising opt-out</a> page or by downloading and installing the browser plug-in available at <a href=\"https://tools.google.com/dlpage/gaoptout\" target=\"_blank\">Google Analytics opt-out page</a>.</li>\n\t<li>Opt-Out from Third-Party Pixels:</li>\n\t<li style=\"\">\n\t<table>\n\t\t<tbody>\n\t\t\t<tr>\n\t\t\t\t<th><strong>Source</strong></th>\n\t\t\t\t<th><strong>Listing</strong></th>\n\t\t\t\t<th><strong>About</strong></th>\n\t\t\t\t<th><strong>Opt-Out</strong></th>\n\t\t\t</tr>\n\t\t\t<tr>\n\t\t\t\t<td></td>\n\t\t\t\t<td></td>\n\t\t\t\t<td></td>\n\t\t\t\t<td></td>\n\t\t\t</tr>\n\t\t\t<tr>\n\t\t\t\t<td></td>\n\t\t\t\t<td></td>\n\t\t\t\t<td></td>\n\t\t\t\t<td></td>\n\t\t\t</tr>\n\t\t\t<tr>\n\t\t\t\t<td></td>\n\t\t\t\t<td></td>\n\t\t\t\t<td></td>\n\t\t\t\t<td></td>\n\t\t\t</tr>\n\t\t</tbody>\n\t</table>\n\t</li>\n\t<li>AppsFlyer: You can opt-out from being tracked by AppsFlyer by emailing a request to <a href=\"mailto:privacy@appsflyer.com\" target=\"_blank\">privacy@appsflyer.com</a> or by completing the <a href=\"https://www.appsflyer.com/optout\" target=\"_blank\">ApplsFlyer Opt-Out form</a>.</li>\n\t<li>MoPub: You may opt-out from MoPub by visiting the <a href=\"https://www.mopub.com/optout/\" target=\"_blank\">MoPub Opt-Out Information Page</a>.</li>\n\t<li>When you create an account on our Services, you may be given a choice as to whether you want to receive email messages, newsletters or both about product updates, improvements, special offers, or containing special distributions of content. If you no longer want to receive commercial or promotional emails or newsletters from us, you will need to avail yourself of the unsubscribe mechanism set out in the applicable communication. It may take up to seven days for us to process an opt-out request. Please note that we may send you other types of transactional and relationship e-mail communications, such as administrative notices without offering you the opportunity to opt out of receiving them.</li>\n\t<li>You may delete your account with us at any time. If you delete your account, your Personal Information and all account-related information will no longer be accessible by you and will not be saved. After deleting your account, if you choose to have an account with us in the future, you will have to sign up for a new account.</li>\n</ul>\n</section>\n\n<h2>12. Your Rights Related to Your Personal Information</h2>\n\n<section>\n<p>Subject to local law, you have certain rights regarding the Personal Information we collect, use or disclose, including the right:</p>\n\n<ul>\n\t<li>to receive information on the Personal Information concerning we hold about you and how such Personal Information is used (right to access);</li>\n\t<li>to rectify inaccurate Personal Information concerning you (right to data rectification);</li>\n\t<li>to erase your Personal Information (right to erasure, right to be forgotten);</li>\n\t<li>to receive the Personal Information provided by you in a structured, commonly used and machine-readable format and to transmit those Personal Information to another data controller (right to data portability);</li>\n\t<li>to object to the use of your Personal Information where such use is based on our legitimate interests or on public interests (right to object); and</li>\n\t<li>in some cases, to restrict our use of your Personal Information (right to restriction of processing).</li>\n</ul>\n\n<p>If we ask for your consent to use your Personal Information, you can withdraw your consent at any time. In case of a withdrawal of your consent you may no longer able to use several functionalities of our Services.</p>\n\n<p></p>\n\n<p>Some requests to delete certain Personal Information will require the deletion of your user account as the provision of user accounts are inextricable linked to the use of certain Personal Information (e.g. e-mail address). It is possible that we require additional information from you in order to verify your authorization to make the request and to honor your request.</p>\n</section>\n\n<h2>13. Use of Services by Minors</h2>\n\n<section>\n<p>The Services are not directed to individuals under the age of sixteen (16) and we request that they not provide Personal Information through the Services. If we find out that a child under 16 has provided Personal Information, we will take steps to delete such information.</p>\n</section>\n\n<h2>14. Changes to this Policy</h2>\n\n<section>\n<p></p>\n\n<p>If we change anything in our privacy policy, the date of change will be reflected in the last modified date. If we make material changes to this privacy policy, we may choose to notify you through the Services or by sending you an email or other communication. By continuing using the Services and Website subsequent to us making available an amended version of our privacy policy in a way that you can easily take notice of it, you thereby consent to such amendment.</p>\n</section>\n\n<h2>15. Enforcement; Cooperation</h2>\n\n<section>\n<p>We regularly review our compliance with tha formal written complaint, it is our policy to contact the complaining party regarding his or her concerns. We will cooperate with the appropriate regulatory authorities, including local data protection authorities, to resolve any complaints regarding the collection, use and disclosure of Personal Information that cannot be resolved by an individual and us.</p>\n</section>\n\n<h2>16. No Rights of Third Parties</h2>\n\n<section>\n<p>This privacy policy does not create rights enforceable by third parties or require disclosure of any Personal Information relating to users of the Services.</p>\n</section>\n\n<h2>17. No Error Free Performance</h2>\n\n<section>\n<p>We do not guarantee error-free performance under this privacy policy. We will use reasonable efforts to comply with this privacy policy and will take prompt corrective action when we learn of any failure to comply with our privacy policy. We shall not be liable for any incidental, consequential or punitive damages relating to this privacy policy. The laws of Cyprus shall, to the extent applicable, govern this privacy policy.</p>\n</section>\n\n<h2>18. California Consumer Privacy Act Notice</h2>\n\n<section>\n<p>As of January 1, 2020, the California Consumer Privacy Act of 2018 (<strong>CCPA</strong>) provides California residents (<strong>Consumer(s)</strong>) certain rights with respect to their personal information, as this term is defined under the CCPA. In addition to the rights we state under this policy and subject to the exceptions found under the CCPA, Consumers have the right to:</p>\n\n<ul>\n\t<li>Opt-out of the sale of their personal information, should we sell their personal information;</li>\n\t<li>Be informed of certain information concerning our collection and use of their personal information;</li>\n\t<li>Request that we delete certain personal information we collected from them;</li>\n\t<li>Appoint an agent to exercise their rights provided for by the CCPA, provided that a duly executed notarized power of attorney is presented and provided that the agent has information deemed sufficient to allow us to verify the identity of the Consumer in question and to locate his/her information in our systems;</li>\n\t<li>Not be subjected to discrimination for the exercise of these rights. We will not deny California residents the use of our service, neither will we provide a different level or quality or services for exercising any of their CCPA rights, unless as permitted under the CCPA.</li>\n</ul>\n\n<p>This Service and Website does not sell nor has it sold in the past 12 months personal information to third parties for monetary or other valuable considerations. We may however disclose certain personal information with third parties, service providers and entities within our corporate group in order to enable them to perform certain services on our behalf and namely to make the Service and Website work properly. Regardless, we respect the California residents right to exclude personal information from such sharing arrangements and to thereby opt-out of any future sale of their personal information.</p>\n</section>\n\n<h2>19. Contact Information</h2>\n\n<section>\n<p>If you have any questions about this privacy policy or our information-handling practices, please contact us at support@tunnelhub.net.</p>\n</section>\n</div>\n</section>\n</div>\n</div>\n</div>"}}, {"model": "djangocms_text_ckeditor.text", "pk": 536, "fields": {"cmsplugin_ptr": 536, "body": "<div class=\"support-content\">\n<div class=\"content wrapper\">\n<div class=\"page-content\">\n<section class=\"section\">\n<div class=\"container\">\n<h4><strong><i>Last Modified: January 29th, 2020 TODO: add automatically?</i></strong></h4>\n\n<h2>1. Introduction</h2>\n\n<section>\n<p>Appatomic Ltd (hereinafter we, us or our) operates the website www.vpnhub.com (hereinafter referred to as Website) and other applications such as the free and paid version of VPNhub, including the mobile and desktop applications of VPNhub (hereinafter Services) and is the controller of the information collected or provided via the Services and Website.</p>\n\n<p>By accessing or using our Services and Website, you accept the terms of this Privacy Policy. If you do not agree with any part of this privacy policy or our terms, please do not access or continue to use our Services or Website or otherwise submit your personal data.</p>\n\n<p>We collect, process and retain personal data to the extent it is necessary to provide users with our service. This privacy policy applies to information we collect:</p>\n\n<ul>\n\t<li>on the Services and Website,</li>\n\t<li>in e-mail or other communications between you and the Services and Website,</li>\n\t<li>through the desktop and mobile applications of VPNhub you download from the Website, Google Play, or Apple App Store, or</li>\n\t<li>when you interact with our advertising and Services on third-party websites and services, if those services or advertising include links to this privacy policy.</li>\n</ul>\n\n<p>It does not apply to information collected by:</p>\n\n<ul>\n\t<li>us offline or through any other means, including on any other website operated by us or any third party (including our affiliates and subsidiaries); or</li>\n\t<li>any third party (including our affiliates and subsidiaries), including through any application or content (including advertising) that may link to or be accessible from the Services or Website. Clicking on those links or enabling those connections may allow third parties to collect or share data about you. We do not control these third- party websites and we are not responsible for their privacy statements, information or other practices.</li>\n</ul>\n</section>\n\n<h2>2. Warrant Canary</h2>\n\n<section>\n<p>As of <span id=\"date\">Wed Jan 04 2023</span>, we have not received any National Security Letters or FISA court orders, and we have not been subject to any gag order(s) by a FISA court, or any other similar court(s) of any government. We have never placed any backdoors in our hardware or software and have not received any requests to do so. No searches or seizures of any kind have ever been performed on our assets.</p>\n\n<p></p>\n</section>\n\n<h2>3. Information We Collect and How is your Personal Information Collected.</h2>\n\n<section>\n<p>Personal data, or personal information, means any information about an individual from which that person can be identified by (<strong>Personal Information</strong>). You do not have to give Appatomic any Personal Information to browse our Website or use our Services.</p>\n\n<p>We use different methods to collect data from and about you including through:</p>\n\n<ul>\n\t<li><strong>Direct interactions.</strong></li>\n\t<li><i><strong>Automatic data collection technologies or interactions.</strong></i></li>\n</ul>\n\n<h5><strong>Personal Information provided by users through Direct Interactions</strong></h5>\n\n<p>Through Direct Interactions we may collect, use, store and transfer the following information that users choose to provide to us:</p>\n\n<ul>\n\t<li><strong>Account Information.</strong> E-mail/username and password if you create VPNHub Premium account. No email is required to create a free version of VPNhub account. We will never require you to register or provide us any contact information to download or use our products.</li>\n\t<li><strong>Contact data.</strong> Email address and additional Personal Information you may provide us if you contact us.</li>\n\t<li><strong>Marketing and Communications Data.</strong> Your communication preferences and preferences in receiving marketing from us, our third parties affiliates or partners.</li>\n</ul>\n\n<p>If you choose to purchase a subscription for VPNhub Premium account, we will not collect any Personal Information related to such payment. Payments made via Probiller, or in the Apple App Store or Google Play, will be processed by these third parties, and will be subject to such third partys privacy policy, and not this Privacy Policy.</p>\n\n<p><strong>Personal Information automatically collected from users through Automatic Data Collection Technologies or Interactions</strong></p>\n\n<p>We and our third party service providers may automatically collect, use, store and transfer the following information about you or your device as follows:</p>\n\n<ul>\n\t<li><strong>When VPNHub app is launched, but before you connect to the VPN,</strong> we and our third party service providers collect device-specific information such as unique mobile ID, operating system and platform, browser type and version, network information and other technology on the devices you use to access the Website or the Services.</li>\n\t<li><strong>When you connect to the VPNhub VPN,</strong> we collect your internet protocol (IP) address, which we pseudonymize, immediately encrypt it and store it only for the duration of your VPN session. Your IP address is deleted after you disconnect from the VPN without storing or logging it. We do not associate your IP address with your online activities and we do not store or log your IP address with your online activities.</li>\n\t<li><strong>Usage Data</strong> includes non-personally identifiable aggregated information about how you use our Services and Website. We do not attribute any specific website visits or app usage to any specific user. <strong>We do not keep logs of your online activities and will never associate any domains, websites or applications that you use with you, your device or your email.</strong></li>\n\t<li><strong>Transaction Data </strong> in case of purchases, it may include details about payments to and from you and details of products and services you have purchased or received from us.</li>\n\t<li><strong>Aggregated Data.</strong> We may also collect, use and share your data to produce and share aggregated data that do not identify you and therefore not considered as Personal Information. For example, we may aggregate your usage data to calculate the percentage of users accessing a specific Services feature, to generate statistics about our users or to calculate ad impressions clicked on.</li>\n</ul>\n\n<p><strong>Inf</strong></p>\n</section>\n\n<h2>4. Third Party Advertising</h2>\n\n\n<section>\n<p>Some content or applications, including advertisements, on the Services are served by third parties, including advertisers, ad networks and servers, content providers and application providers. These third parties may use cookies alone or in conjunction with web beacons or other tracking technologies to collect information about you when you use our Website. U</p>\n</section>\n\n<h2>6. Third-Party Use of Cookies and Other Tracking Technologies</h2>\n\n<section>\n<p>We will only use your Personal Information when applicable local law allows us to. We may process your Personal Information for more than one lawful ground depending on the specific purpose for which we are using it. Generally, we do not rely on consent as a legal basis for processing your Personal Information other than in relation to sending third party direct marketing communications to you via email or other communication method. We do not sell or rent Personal Information to others, we do not log your browsing data and we delete your IP address when you disconnect from VPNhubs VPN.</p>\n\n<p>In general, we use information that we collect about you or that you provide to us through our Services and Website, including Personal Information, to create new accounts (VPNhub Premium), identify and communicate with current subscribers, offer troubleshooting, customer support and notices to registered users about their accounts, including expiration and renewal notices, notices about changes to our Services, Website, changes to the our Terms and Conditions and policies or any products or services we offer or provide through them. We may also use Personal Information for the following reasons:</p>\n\n<p></p>\n\n<p></p>\n\n<ul>\n\t<li>To verify your identity when you login to the Services;</li>\n\t<li>To administer, maintain and improve our Services;</li>\n\t<li>Provision of services: to present our Services and their contents to you, including any interactive features on the Services, and to</li>\n\t<li>Functionality and security: to diagnose or fix technology problems, and detect, prevent, and respond to actual or potential fraud, illegal activities, or intellectual property infringement;</li>\n\t<li>Compliance: to enforce our terms and conditions and to comply with legal and regulatory obligations;</li>\n\t<li>Where it is necessary for our legitimate interests (or those of a third party) and your interests and fundamental rights do not override those interests;</li>\n\t<li>in any other way we may describe when you provide the information; or for any other purpose with your consent provided separately from this privacy policy.</li>\n\t<li><i>Service Providers.</i> With third party service providers who provide services on our behalf such as processing payments (<a href=\"https://probiller.com/legal/privacy\" target=\"_blank\">Probiller</a>, Google Play and Apple App Store). Our service providers receive only the information necessary to perform their designated functions, and are not permitted to use or disclose this information or your Personal Information for their own marketing or other purposes;</li>\n\t<li style=\"\">\n\t<table>\n\t\t<tbody>\n\t\t\t<tr>\n\t\t\t\t<th><strong>Provider</strong></th>\n\t\t\t\t<th><strong>Service</strong></th>\n\t\t\t\t<th><strong>About</strong></th>\n\t\t\t</tr>\n\t\t\t<tr>\n\t\t\t\t<td></td>\n\t\t\t\t<td></td>\n\t\t\t\t<td></td>\n\t\t\t</tr>\n\t\t\t<tr>\n\t\t\t\t<td></td>\n\t\t\t\t<td></td>\n\t\t\t\t<td></td>\n\t\t\t</tr>\n\t\t\t<tr>\n\t\t\t\t<td></td>\n\t\t\t\t<td></td>\n\t\t\t\t<td></td>\n\t\t\t</tr>\n\t\t</tbody>\n\t</table>\n\t</li>\n\t<li><i>Aggregate, Anonymous or De-Identified Information.</i> Sharing aggregate or non- personally identifiable information with non-affiliated third parties for advertising, marketing or research purposes. We do not share your personal information with any third parties for their own marketing, advertising or research purposes.</li>\n</ul>\n</section>\n\n<h2>7. Security Measures We Have In Place</h2>\n\n<section>\n<p>We use appropriate security measures (including physical, electronic and procedural measures) that are consistent with industry standards to protect your Personal Information we collect and maintain about you from loss, theft, misuse or unauthorized access or disclosure or destruction such as encryption, access controls, passwords or technical or physical security measures and safeguards. All employees and service providers are up-to- date on our security and privacy practices. Access to user Personal Information is restricted to those who need to know such information to perform their job functions.</p>\n\n<p>Despite our efforts, no data security methods guarantee 100% protection. We do not promise and cannot guarantee that your Personal Information can never be viewed and/or used by others. You are responsible for maintaining the secrecy of your unique password and account information at all times. We are not responsible for circumventions of any privacy settings or security measures contained on the Services.</p>\n</section>\n\n<h2>8. Disclosure of your Personal Information</h2>\n\n<section>\n<p>We do not disclose your Personal Information except in the limited circumstances described here:</p>\n\n<ul>\n\t<li><strong>Members of corporate group.</strong> To members of our corporate group (that is, entities that control, are controlled by, or are under common control with us) who operate services that help us with: customer management, customization of content, advertising, analytics, verifications, functionality and security, and compliance.</li>\n\t<li><strong>Service providers.</strong> To our authorized service providers that perform services on our behalf such as payment processing who may have access to Personal Information necessary to perform their functions but are not permitted to share or use such information for other purposes.</li>\n\t<li><strong>Legal successors.</strong> To a buyer or successor in the event of merger, divestiture, restructuring, reorganization, dissolution or other sale or transfer of some or all of our assets, whether as a going concern or as part of bankruptcy, liquidation or similar proceeding, in which Personal Information held by us about our Services and Website users is among the assets transferred. Should such sale or transfer occur, we will use reasonable efforts to try to ensure that the entity to which we transfer your Personal Information uses it in a manner that is consistent with this privacy policy.</li>\n</ul>\n\n<p>We do not require you to provide us with any contact information in order to download or use our Services, we do not log or store your IP address after you disconnect from the VPN, and we do not keep logs of your online activities. If you use VPNhub Premium, no Personal Information is shared with third party advertisers.</p>\n\n<p>We access, preserve and share your Personal Information with regulators, law enforcement or others where we reasonably believe such disclosure is needed to (a) satisfy any applicable law, regulation, legal process, or governmental request, (b) enforce applicable terms of use, including investigation of potential violations thereof, (c) detect, prevent, or otherwise address illegal or suspected illegal activities, security or technical issues, (d) protect against harm to the rights, property or safety of our company, our users, our employees, or others; or (e) to maintain and protect the security and integrity of our Services, Website or infrastructure. In such cases, we may raise or waive any legal objection or right available to us, in our sole discretion.</p>\n\n<p>We may disclose aggregated information about our users, and information that does not identify any individual. We may share aggregated information with third parties for conducting general business analysis. This information does not contain any Personal Information and may be used to develop content and services that we hope our users will find of interest.</p>\n</section>\n\n<h2>9. International Users And Transfers of Your Personal Information to Other Countries</h2>\n\n<section>\n<p>Appatomics servers are based in the United States so your Personal Information will be processed by Appatomic in the United States, where data protection laws may be different from other parts of the world. Whenever in the course of sharing information we transfer Personal Information to countries outside of the European Economic Area and other regions with comprehensive data protection laws, we will ensure that the information is transferred in accordance with this privacy policy and as permitted by applicable laws on data protection.</p>\n\n<p>By using the Services you consent to the transfer of information that we collect about you, including Personal Information, to any country, including the United States, in which we, members of our corporate group (as defined above) or our service providers are located.</p>\n</section>\n\n<h2>10. Retention of Personal Information</h2>\n\n<section>\n<p>We will only retain your Personal Information for as long as necessary to fulfil the purposes we collected it for, including for satisfying any legal, accounting, or reporting requirements.</p>\n\n<p>To determine the appropriate retention period, we consider the amount, nature, and sensitivity of the Personal Information, the potential risk of harm from unauthorized use or disclosure of your Personal Information, the purposes for which we process your Personal Information and whether we can achieve those purposes through other means, and the applicable legal requirements. The retention period that is necessary for compliance and legal enforcement purposes varies and depends on the nature of our legal obligations and claims in the individual case.</p>\n\n<p>Where we no longer need to process your Personal Information for the purposes set out in this Privacy Policy, we will delete your Personal Information. Where permissible, we will also delete your Personal Information upon your request.</p>\n</section>\n\n<h2 id=\"Choices_About_How_We_Collect\">11. Choices about How we Collect, Use and Disclose Your Personal Information</h2>\n\n<section>\n<p>We strive to provide you with choices regarding the Personal Information you provide to us.</p>\n\n<p></p>\n\n<p></p>\n\n<ul>\n\t<li>You can choose not to provide us with certain Personal Information, but that may result in you being unable to use our Services or certain features of them because such information may be required in order to register as a member (email is required to create a VPNhub Premium account); purchase products or services; contact us (email is required when contacting customer support); or initiate other transactions on our Services.</li>\n\t<li>You can set your browser to refuse all or some browser cookies, or to alert you when cookies are being sent. If you disable or refuse cookies, some parts of the Website may become inaccessible or not function properly.</li>\n\t<li>You may opt out of Firebase cookie or Google Analytics by visiting the <a href=\"https://adssettings.google.com/authenticated\" target=\"_blank\">Google advertising opt-out</a> page or by downloading and installing the browser plug-in available at <a href=\"https://tools.google.com/dlpage/gaoptout\" target=\"_blank\">Google Analytics opt-out page</a>.</li>\n\t<li>Opt-Out from Third-Party Pixels:</li>\n\t<li style=\"\">\n\t<table>\n\t\t<tbody>\n\t\t\t<tr>\n\t\t\t\t<th><strong>Source</strong></th>\n\t\t\t\t<th><strong>Listing</strong></th>\n\t\t\t\t<th><strong>About</strong></th>\n\t\t\t\t<th><strong>Opt-Out</strong></th>\n\t\t\t</tr>\n\t\t\t<tr>\n\t\t\t\t<td></td>\n\t\t\t\t<td></td>\n\t\t\t\t<td></td>\n\t\t\t\t<td></td>\n\t\t\t</tr>\n\t\t\t<tr>\n\t\t\t\t<td></td>\n\t\t\t\t<td></td>\n\t\t\t\t<td></td>\n\t\t\t\t<td></td>\n\t\t\t</tr>\n\t\t\t<tr>\n\t\t\t\t<td></td>\n\t\t\t\t<td></td>\n\t\t\t\t<td></td>\n\t\t\t\t<td></td>\n\t\t\t</tr>\n\t\t</tbody>\n\t</table>\n\t</li>\n\t<li>AppsFlyer: You can opt-out from being tracked by AppsFlyer by emailing a request to <a href=\"mailto:privacy@appsflyer.com\" target=\"_blank\">privacy@appsflyer.com</a> or by completing the <a href=\"https://www.appsflyer.com/optout\" target=\"_blank\">ApplsFlyer Opt-Out form</a>.</li>\n\t<li>MoPub: You may opt-out from MoPub by visiting the <a href=\"https://www.mopub.com/optout/\" target=\"_blank\">MoPub Opt-Out Information Page</a>.</li>\n\t<li>When you create an account on our Services, you may be given a choice as to whether you want to receive email messages, newsletters or both about product updates, improvements, special offers, or containing special distributions of content. If you no longer want to receive commercial or promotional emails or newsletters from us, you will need to avail yourself of the unsubscribe mechanism set out in the applicable communication. It may take up to seven days for us to process an opt-out request. Please note that we may send you other types of transactional and relationship e-mail communications, such as administrative notices without offering you the opportunity to opt out of receiving them.</li>\n\t<li>You may delete your account with us at any time. If you delete your account, your Personal Information and all account-related information will no longer be accessible by you and will not be saved. After deleting your account, if you choose to have an account with us in the future, you will have to sign up for a new account.</li>\n</ul>\n</section>\n\n<h2>12. Your Rights Related to Your Personal Information</h2>\n\n<section>\n<p>Subject to local law, you have certain rights regarding the Personal Information we collect, use or disclose, including the right:</p>\n\n<ul>\n\t<li>to receive information on the Personal Information concerning we hold about you and how such Personal Information is used (right to access);</li>\n\t<li>to rectify inaccurate Personal Information concerning you (right to data rectification);</li>\n\t<li>to erase your Personal Information (right to erasure, right to be forgotten);</li>\n\t<li>to receive the Personal Information provided by you in a structured, commonly used and machine-readable format and to transmit those Personal Information to another data controller (right to data portability);</li>\n\t<li>to object to the use of your Personal Information where such use is based on our legitimate interests or on public interests (right to object); and</li>\n\t<li>in some cases, to restrict our use of your Personal Information (right to restriction of processing).</li>\n</ul>\n\n<p>If we ask for your consent to use your Personal Information, you can withdraw your consent at any time. In case of a withdrawal of your consent you may no longer able to use several functionalities of our Services.</p>\n\n<p></p>\n\n<p>Some requests to delete certain Personal Information will require the deletion of your user account as the provision of user accounts are inextricable linked to the use of certain Personal Information (e.g. e-mail address). It is possible that we require additional information from you in order to verify your authorization to make the request and to honor your request.</p>\n</section>\n\n<h2>13. Use of Services by Minors</h2>\n\n<section>\n<p>The Services are not directed to individuals under the age of sixteen (16) and we request that they not provide Personal Information through the Services. If we find out that a child under 16 has provided Personal Information, we will take steps to delete such information.</p>\n</section>\n\n<h2>14. Changes to this Policy</h2>\n\n<section>\n<p></p>\n\n<p>If we change anything in our privacy policy, the date of change will be reflected in the last modified date. If we make material changes to this privacy policy, we may choose to notify you through the Services or by sending you an email or other communication. By continuing using the Services and Website subsequent to us making available an amended version of our privacy policy in a way that you can easily take notice of it, you thereby consent to such amendment.</p>\n</section>\n\n<h2>15. Enforcement; Cooperation</h2>\n\n<section>\n<p>We regularly review our compliance with tha formal written complaint, it is our policy to contact the complaining party regarding his or her concerns. We will cooperate with the appropriate regulatory authorities, including local data protection authorities, to resolve any complaints regarding the collection, use and disclosure of Personal Information that cannot be resolved by an individual and us.</p>\n</section>\n\n<h2>16. No Rights of Third Parties</h2>\n\n<section>\n<p>This privacy policy does not create rights enforceable by third parties or require disclosure of any Personal Information relating to users of the Services.</p>\n</section>\n\n<h2>17. No Error Free Performance</h2>\n\n<section>\n<p>We do not guarantee error-free performance under this privacy policy. We will use reasonable efforts to comply with this privacy policy and will take prompt corrective action when we learn of any failure to comply with our privacy policy. We shall not be liable for any incidental, consequential or punitive damages relating to this privacy policy. The laws of Cyprus shall, to the extent applicable, govern this privacy policy.</p>\n</section>\n\n<h2>18. California Consumer Privacy Act Notice</h2>\n\n<section>\n<p>As of January 1, 2020, the California Consumer Privacy Act of 2018 (<strong>CCPA</strong>) provides California residents (<strong>Consumer(s)</strong>) certain rights with respect to their personal information, as this term is defined under the CCPA. In addition to the rights we state under this policy and subject to the exceptions found under the CCPA, Consumers have the right to:</p>\n\n<ul>\n\t<li>Opt-out of the sale of their personal information, should we sell their personal information;</li>\n\t<li>Be informed of certain information concerning our collection and use of their personal information;</li>\n\t<li>Request that we delete certain personal information we collected from them;</li>\n\t<li>Appoint an agent to exercise their rights provided for by the CCPA, provided that a duly executed notarized power of attorney is presented and provided that the agent has information deemed sufficient to allow us to verify the identity of the Consumer in question and to locate his/her information in our systems;</li>\n\t<li>Not be subjected to discrimination for the exercise of these rights. We will not deny California residents the use of our service, neither will we provide a different level or quality or services for exercising any of their CCPA rights, unless as permitted under the CCPA.</li>\n</ul>\n\n<p>This Service and Website does not sell nor has it sold in the past 12 months personal information to third parties for monetary or other valuable considerations. We may however disclose certain personal information with third parties, service providers and entities within our corporate group in order to enable them to perform certain services on our behalf and namely to make the Service and Website work properly. Regardless, we respect the California residents right to exclude personal information from such sharing arrangements and to thereby opt-out of any future sale of their personal information.</p>\n</section>\n\n<h2>19. Contact Information</h2>\n\n<section>\n<p>If you have any questions about this privacy policy or our information-handling practices, please contact us at support@tunnelhub.net.</p>\n</section>\n</div>\n</section>\n</div>\n</div>\n</div>"}}, {"model": "djangocms_text_ckeditor.text", "pk": 537, "fields": {"cmsplugin_ptr": 537, "body": "<p>Lorem ipsum dolor sit amet, consectetur adipisicing elit, sed do eiusmod tempor incididunt ut labore et dolore magna aliqua. Ut enim ad minim veniam, quis nostrud exercitation ullamco laboris nisi ut aliquip ex ea commodo consequat. Duis aute irure dolor in reprehenderit in voluptate velit esse cillum dolore eu fugiat nulla pariatur. Excepteur sint occaecat cupidatat non proident, sunt in culpa qui officia deserunt mollit anim id est laborum.</p>\n\n<p>and one more</p>\n\n<p>Lorem ipsum dolor sit amet, consectetur adipisicing elit, sed do eiusmod tempor incididunt ut labore et dolore magna aliqua. Ut enim ad minim veniam, quis nostrud exercitation ullamco laboris nisi ut aliquip ex ea commodo consequat. Duis aute irure dolor in reprehenderit in voluptate velit esse cillum dolore eu fugiat nulla pariatur. Excepteur sint occaecat cupidatat non proident, sunt in culpa qui officia deserunt mollit anim id est laborum.</p>"}}, {"model": "djangocms_text_ckeditor.text", "pk": 549, "fields": {"cmsplugin_ptr": 549, "body": "<p>hello amma page</p>"}}, {"model": "djangocms_text_ckeditor.text", "pk": 550, "fields": {"cmsplugin_ptr": 550, "body": "<p>Global OpenVPN<sup></sup> Provider</p>"}}, {"model": "djangocms_text_ckeditor.text", "pk": 551, "fields": {"cmsplugin_ptr": 551, "body": "<p>Time-trusted multiplatform VPN</p>"}}, {"model": "djangocms_text_ckeditor.text", "pk": 552, "fields": {"cmsplugin_ptr": 552, "body": "<ul class=\"header-content-list\">\n\t<li>\n<i class=\"fa fa-globe\"></i>\n\t<h4> IP </h4>\n\n\t<p> , 100 , 50000 </p>\n\t</li>\n\t<li>\n<i class=\"fa fa-globe\"></i>\n\t<h4>  </h4>\n\n\t<p></p>\n\t</li>\n\t<li>\n<i class=\"fa fa-globe\"></i>\n\t<h4>   </h4>\n\n\t<p></p>\n\t</li>\n\t<li>\n<i class=\"fa fa-globe\"></i>\n\t<h4>   -</h4>\n\n\t<p></p>\n\t</li>\n\t<li>\n<i class=\"fa fa-globe\"></i>\n\t<h4>         </h4>\n\n\t<p></p>\n\t</li>\n\t<li>\n<i class=\"fa fa-globe\"></i>\n\t<h4>     ,    ..</h4>\n\n\t<p></p>\n\t</li>\n\t<li>\n<i class=\"fa fa-globe\"></i>\n\t<h4>        (         :) );</h4>\n\n\t<p></p>\n\t</li>\n</ul>"}}, {"model": "djangocms_text_ckeditor.text", "pk": 559, "fields": {"cmsplugin_ptr": 559, "body": "<p>Lorem ipsum dolor sit amet, consectetur adipisicing elit, sed do eiusmod tempor incididunt ut labore et dolore magna aliqua. Ut enim ad minim veniam, quis nostrud exercitation ullamco laboris nisi ut aliquip ex ea commodo consequat. Duis aute irure dolor in reprehenderit in voluptate velit esse cillum dolore eu fugiat nulla pariatur. Excepteur sint occaecat cupidatat non proident, sunt in culpa qui officia deserunt mollit anim id est laborum.</p>\n\n<p>and one more</p>\n\n<p>Lorem ipsum dolor sit amet, consectetur adipisicing elit, sed do eiusmod tempor incididunt ut labore et dolore magna aliqua. Ut enim ad minim veniam, quis nostrud exercitation ullamco laboris nisi ut aliquip ex ea commodo consequat. Duis aute irure dolor in reprehenderit in voluptate velit esse cillum dolore eu fugiat nulla pariatur. Excepteur sint occaecat cupidatat non proident, sunt in culpa qui officia deserunt mollit anim id est laborum.</p>"}}, {"model": "djangocms_text_ckeditor.text", "pk": 560, "fields": {"cmsplugin_ptr": 560, "body": "<p>good support for good people</p>"}}, {"model": "djangocms_text_ckeditor.text", "pk": 561, "fields": {"cmsplugin_ptr": 561, "body": "<p>good support for good people</p>"}}, {"model": "djangocms_text_ckeditor.text", "pk": 562, "fields": {"cmsplugin_ptr": 562, "body": "<p>documentation index page - how to use it</p>"}}, {"model": "filer.clipboard", "pk": 1, "fields": {"user": ["wq@wq.com"]}}, {"model": "filer.clipboard", "pk": 2, "fields": {"user": ["r9@r9.ninja"]}}, {"model": "menus.cachekey", "pk": 261, "fields": {"language": "en", "site": 1, "key": "cms_3.11.0_menu_nodes_en_1_2_user:draft"}}, {"model": "menus.cachekey", "pk": 262, "fields": {"language": "en", "site": 1, "key": "cms_3.11.1_menu_nodes_en_1:public"}}, {"model": "menus.cachekey", "pk": 263, "fields": {"language": "en", "site": 1, "key": "cms_3.11.1_menu_nodes_en_1_1_user:draft"}}, {"model": "menus.cachekey", "pk": 264, "fields": {"language": "en", "site": 1, "key": "cms_3.11.1_menu_nodes_en_1_3_user:public"}}]